username,email,first_name,last_name,password,is_verified
albert.alber1,albert.alber1@romandie.com,Albert,Alber,$2b$12$ycrj6s3RTIXj85Ef1/5S3uZohUyVIkVK47hmv2sCfxdljubbiYzxK,TRUE
olivier.uldry2,olivier.uldry2@yahoo.fr,Olivier,Uldry,$2b$12$ycrj6s3RTIXj85Ef1/5S3uZohUyVIkVK47hmv2sCfxdljubbiYzxK,TRUE
pascal.duroux3,pascal.duroux3@gmail.com,Pascal,Duroux,$2b$12$ycrj6s3RTIXj85Ef1/5S3uZohUyVIkVK47hmv2sCfxdljubbiYzxK,TRUE
josé.monnet4,josé.monnet4@sunrise.ch,José,Monnet,$2b$12$ycrj6s3RTIXj85Ef1/5S3uZohUyVIkVK47hmv2sCfxdljubbiYzxK,TRUE
bruno.carraux5,bruno.carraux5@bluewin.ch,Bruno,Carraux,$2b$12$ycrj6s3RTIXj85Ef1/5S3uZohUyVIkVK47hmv2sCfxdljubbiYzxK,TRUE
christian.brandt6,christian.brandt6@bluewin.ch,Christian,Brandt,$2b$12$ycrj6s3RTIXj85Ef1/5S3uZohUyVIkVK47hmv2sCfxdljubbiYzxK,TRUE
bernard.cornuz7,bernard.cornuz7@bluewin.ch,Bernard,Cornuz,$2b$12$ycrj6s3RTIXj85Ef1/5S3uZohUyVIkVK47hmv2sCfxdljubbiYzxK,TRUE
paul.chevrolet8,paul.chevrolet8@vtxnet.ch,Paul,Chevrolet,$2b$12$ycrj6s3RTIXj85Ef1/5S3uZohUyVIkVK47hmv2sCfxdljubbiYzxK,TRUE
julien.julliard9,julien.julliard9@sunrise.ch,Julien,Julliard,$2b$12$ycrj6s3RTIXj85Ef1/5S3uZohUyVIkVK47hmv2sCfxdljubbiYzxK,TRUE
christophe.evéquoz10,christophe.evéquoz10@bluewin.ch,Christophe,Evéquoz,$2b$12$ycrj6s3RTIXj85Ef1/5S3uZohUyVIkVK47hmv2sCfxdljubbiYzxK,TRUE
lucas.sandoz11,lucas.sandoz11@bluewin.ch,Lucas,Sandoz,$2b$12$ycrj6s3RTIXj85Ef1/5S3uZohUyVIkVK47hmv2sCfxdljubbiYzxK,TRUE
roger.carraud12,roger.carraud12@hotmail.fr,Roger,Carraud,$2b$12$ycrj6s3RTIXj85Ef1/5S3uZohUyVIkVK47hmv2sCfxdljubbiYzxK,TRUE
bruno.badan13,bruno.badan13@hotmail.fr,Bruno,Badan,$2b$12$ycrj6s3RTIXj85Ef1/5S3uZohUyVIkVK47hmv2sCfxdljubbiYzxK,TRUE
charles.piccand14,charles.piccand14@sunrise.ch,Charles,Piccand,$2b$12$ycrj6s3RTIXj85Ef1/5S3uZohUyVIkVK47hmv2sCfxdljubbiYzxK,TRUE
marcel.meyer15,marcel.meyer15@vtxnet.ch,Marcel,Meyer,$2b$12$ycrj6s3RTIXj85Ef1/5S3uZohUyVIkVK47hmv2sCfxdljubbiYzxK,TRUE
jean-pierre.chevalley16,jean-pierre.chevalley16@yahoo.fr,Jean-Pierre,Chevalley,$2b$12$ycrj6s3RTIXj85Ef1/5S3uZohUyVIkVK47hmv2sCfxdljubbiYzxK,TRUE
charles.chapuis17,charles.chapuis17@vtxnet.ch,Charles,Chapuis,$2b$12$ycrj6s3RTIXj85Ef1/5S3uZohUyVIkVK47hmv2sCfxdljubbiYzxK,TRUE
daniel.muriset18,daniel.muriset18@yahoo.fr,Daniel,Muriset,$2b$12$ycrj6s3RTIXj85Ef1/5S3uZohUyVIkVK47hmv2sCfxdljubbiYzxK,TRUE
jonathan.chappuis19,jonathan.chappuis19@hotmail.fr,Jonathan,Chappuis,$2b$12$ycrj6s3RTIXj85Ef1/5S3uZohUyVIkVK47hmv2sCfxdljubbiYzxK,TRUE
nicolas.bourquard20,nicolas.bourquard20@romandie.com,Nicolas,Bourquard,$2b$12$ycrj6s3RTIXj85Ef1/5S3uZohUyVIkVK47hmv2sCfxdljubbiYzxK,TRUE
jonathan.francillon21,jonathan.francillon21@vtxnet.ch,Jonathan,Francillon,$2b$12$ycrj6s3RTIXj85Ef1/5S3uZohUyVIkVK47hmv2sCfxdljubbiYzxK,TRUE
théo.joye22,théo.joye22@romandie.com,Théo,Joye,$2b$12$ycrj6s3RTIXj85Ef1/5S3uZohUyVIkVK47hmv2sCfxdljubbiYzxK,TRUE
nicolas.mottiez23,nicolas.mottiez23@vtxnet.ch,Nicolas,Mottiez,$2b$12$ycrj6s3RTIXj85Ef1/5S3uZohUyVIkVK47hmv2sCfxdljubbiYzxK,TRUE
thomas.montandon24,thomas.montandon24@vtxnet.ch,Thomas,Montandon,$2b$12$ycrj6s3RTIXj85Ef1/5S3uZohUyVIkVK47hmv2sCfxdljubbiYzxK,TRUE
nicolas.corboz25,nicolas.corboz25@hotmail.fr,Nicolas,Corboz,$2b$12$ycrj6s3RTIXj85Ef1/5S3uZohUyVIkVK47hmv2sCfxdljubbiYzxK,TRUE
michael.bavaud26,michael.bavaud26@hotmail.fr,Michael,Bavaud,$2b$12$ycrj6s3RTIXj85Ef1/5S3uZohUyVIkVK47hmv2sCfxdljubbiYzxK,TRUE
hugo.georges27,hugo.georges27@hispeed.ch,Hugo,Georges,$2b$12$ycrj6s3RTIXj85Ef1/5S3uZohUyVIkVK47hmv2sCfxdljubbiYzxK,TRUE
frédéric.chaudet28,frédéric.chaudet28@vtxnet.ch,Frédéric,Chaudet,$2b$12$ycrj6s3RTIXj85Ef1/5S3uZohUyVIkVK47hmv2sCfxdljubbiYzxK,TRUE
jean-claude.boichat29,jean-claude.boichat29@gmail.com,Jean-Claude,Boichat,$2b$12$ycrj6s3RTIXj85Ef1/5S3uZohUyVIkVK47hmv2sCfxdljubbiYzxK,TRUE
loïc.bugnon30,loïc.bugnon30@bluewin.ch,Loïc,Bugnon,$2b$12$ycrj6s3RTIXj85Ef1/5S3uZohUyVIkVK47hmv2sCfxdljubbiYzxK,TRUE
samuel.chaudet31,samuel.chaudet31@yahoo.fr,Samuel,Chaudet,$2b$12$ycrj6s3RTIXj85Ef1/5S3uZohUyVIkVK47hmv2sCfxdljubbiYzxK,TRUE
henri.rapraz32,henri.rapraz32@gmail.com,Henri,Rapraz,$2b$12$ycrj6s3RTIXj85Ef1/5S3uZohUyVIkVK47hmv2sCfxdljubbiYzxK,TRUE
christian.cretton33,christian.cretton33@romandie.com,Christian,Cretton,$2b$12$ycrj6s3RTIXj85Ef1/5S3uZohUyVIkVK47hmv2sCfxdljubbiYzxK,TRUE
jean.monnard34,jean.monnard34@yahoo.fr,Jean,Monnard,$2b$12$ycrj6s3RTIXj85Ef1/5S3uZohUyVIkVK47hmv2sCfxdljubbiYzxK,TRUE
bernard.crevoisier35,bernard.crevoisier35@bluewin.ch,Bernard,Crevoisier,$2b$12$ycrj6s3RTIXj85Ef1/5S3uZohUyVIkVK47hmv2sCfxdljubbiYzxK,TRUE
claude.chevrolet36,claude.chevrolet36@hotmail.fr,Claude,Chevrolet,$2b$12$ycrj6s3RTIXj85Ef1/5S3uZohUyVIkVK47hmv2sCfxdljubbiYzxK,TRUE
david.cosendey37,david.cosendey37@yahoo.fr,David,Cosendey,$2b$12$ycrj6s3RTIXj85Ef1/5S3uZohUyVIkVK47hmv2sCfxdljubbiYzxK,TRUE
jean.bouvier38,jean.bouvier38@hotmail.fr,Jean,Bouvier,$2b$12$ycrj6s3RTIXj85Ef1/5S3uZohUyVIkVK47hmv2sCfxdljubbiYzxK,TRUE
roger.jacot-guillarmod39,roger.jacot-guillarmod39@yahoo.fr,Roger,Jacot-Guillarmod,$2b$12$ycrj6s3RTIXj85Ef1/5S3uZohUyVIkVK47hmv2sCfxdljubbiYzxK,TRUE
alain.grosjean40,alain.grosjean40@bluewin.ch,Alain,Grosjean,$2b$12$ycrj6s3RTIXj85Ef1/5S3uZohUyVIkVK47hmv2sCfxdljubbiYzxK,TRUE
louis.monnet41,louis.monnet41@yahoo.fr,Louis,Monnet,$2b$12$ycrj6s3RTIXj85Ef1/5S3uZohUyVIkVK47hmv2sCfxdljubbiYzxK,TRUE
hugo.bonvin42,hugo.bonvin42@hispeed.ch,Hugo,Bonvin,$2b$12$ycrj6s3RTIXj85Ef1/5S3uZohUyVIkVK47hmv2sCfxdljubbiYzxK,TRUE
jonathan.monnard43,jonathan.monnard43@hotmail.fr,Jonathan,Monnard,$2b$12$ycrj6s3RTIXj85Ef1/5S3uZohUyVIkVK47hmv2sCfxdljubbiYzxK,TRUE
david.quartier44,david.quartier44@romandie.com,David,Quartier,$2b$12$ycrj6s3RTIXj85Ef1/5S3uZohUyVIkVK47hmv2sCfxdljubbiYzxK,TRUE
gilbert.vienne45,gilbert.vienne45@vtxnet.ch,Gilbert,Vienne,$2b$12$ycrj6s3RTIXj85Ef1/5S3uZohUyVIkVK47hmv2sCfxdljubbiYzxK,TRUE
julien.duvanel46,julien.duvanel46@romandie.com,Julien,Duvanel,$2b$12$ycrj6s3RTIXj85Ef1/5S3uZohUyVIkVK47hmv2sCfxdljubbiYzxK,TRUE
gilbert.conrad47,gilbert.conrad47@hotmail.fr,Gilbert,Conrad,$2b$12$ycrj6s3RTIXj85Ef1/5S3uZohUyVIkVK47hmv2sCfxdljubbiYzxK,TRUE
patrick.rey48,patrick.rey48@hispeed.ch,Patrick,Rey,$2b$12$ycrj6s3RTIXj85Ef1/5S3uZohUyVIkVK47hmv2sCfxdljubbiYzxK,TRUE
gilbert.martin49,gilbert.martin49@vtxnet.ch,Gilbert,Martin,$2b$12$ycrj6s3RTIXj85Ef1/5S3uZohUyVIkVK47hmv2sCfxdljubbiYzxK,TRUE
matteo.pasquier50,matteo.pasquier50@vtxnet.ch,Matteo,Pasquier,$2b$12$ycrj6s3RTIXj85Ef1/5S3uZohUyVIkVK47hmv2sCfxdljubbiYzxK,TRUE
vincent.piccand51,vincent.piccand51@yahoo.fr,Vincent,Piccand,$2b$12$ycrj6s3RTIXj85Ef1/5S3uZohUyVIkVK47hmv2sCfxdljubbiYzxK,TRUE
nolan.pasquier52,nolan.pasquier52@vtxnet.ch,Nolan,Pasquier,$2b$12$ycrj6s3RTIXj85Ef1/5S3uZohUyVIkVK47hmv2sCfxdljubbiYzxK,TRUE
thomas.besençon53,thomas.besençon53@yahoo.fr,Thomas,Besençon,$2b$12$ycrj6s3RTIXj85Ef1/5S3uZohUyVIkVK47hmv2sCfxdljubbiYzxK,TRUE
gilbert.chaudet54,gilbert.chaudet54@hotmail.fr,Gilbert,Chaudet,$2b$12$ycrj6s3RTIXj85Ef1/5S3uZohUyVIkVK47hmv2sCfxdljubbiYzxK,TRUE
georges.balmat55,georges.balmat55@hotmail.fr,Georges,Balmat,$2b$12$ycrj6s3RTIXj85Ef1/5S3uZohUyVIkVK47hmv2sCfxdljubbiYzxK,TRUE
andré.robert56,andré.robert56@bluewin.ch,André,Robert,$2b$12$ycrj6s3RTIXj85Ef1/5S3uZohUyVIkVK47hmv2sCfxdljubbiYzxK,TRUE
roland.cosendey57,roland.cosendey57@vtxnet.ch,Roland,Cosendey,$2b$12$ycrj6s3RTIXj85Ef1/5S3uZohUyVIkVK47hmv2sCfxdljubbiYzxK,TRUE
noah.musy58,noah.musy58@romandie.com,Noah,Musy,$2b$12$ycrj6s3RTIXj85Ef1/5S3uZohUyVIkVK47hmv2sCfxdljubbiYzxK,TRUE
samuel.bernasconi59,samuel.bernasconi59@hispeed.ch,Samuel,Bernasconi,$2b$12$ycrj6s3RTIXj85Ef1/5S3uZohUyVIkVK47hmv2sCfxdljubbiYzxK,TRUE
daniel.vienne60,daniel.vienne60@yahoo.fr,Daniel,Vienne,$2b$12$ycrj6s3RTIXj85Ef1/5S3uZohUyVIkVK47hmv2sCfxdljubbiYzxK,TRUE
david.dubey61,david.dubey61@vtxnet.ch,David,Dubey,$2b$12$ycrj6s3RTIXj85Ef1/5S3uZohUyVIkVK47hmv2sCfxdljubbiYzxK,TRUE
georges.grojean62,georges.grojean62@hotmail.fr,Georges,Grojean,$2b$12$ycrj6s3RTIXj85Ef1/5S3uZohUyVIkVK47hmv2sCfxdljubbiYzxK,TRUE
raymond.cretton63,raymond.cretton63@hispeed.ch,Raymond,Cretton,$2b$12$ycrj6s3RTIXj85Ef1/5S3uZohUyVIkVK47hmv2sCfxdljubbiYzxK,TRUE
thierry.robert64,thierry.robert64@romandie.com,Thierry,Robert,$2b$12$ycrj6s3RTIXj85Ef1/5S3uZohUyVIkVK47hmv2sCfxdljubbiYzxK,TRUE
albert.grosjean65,albert.grosjean65@bluewin.ch,Albert,Grosjean,$2b$12$ycrj6s3RTIXj85Ef1/5S3uZohUyVIkVK47hmv2sCfxdljubbiYzxK,TRUE
luca.barman66,luca.barman66@gmail.com,Luca,Barman,$2b$12$ycrj6s3RTIXj85Ef1/5S3uZohUyVIkVK47hmv2sCfxdljubbiYzxK,TRUE
florian.cornut67,florian.cornut67@sunrise.ch,Florian,Cornut,$2b$12$ycrj6s3RTIXj85Ef1/5S3uZohUyVIkVK47hmv2sCfxdljubbiYzxK,TRUE
guillaume.courvoisier68,guillaume.courvoisier68@sunrise.ch,Guillaume,Courvoisier,$2b$12$ycrj6s3RTIXj85Ef1/5S3uZohUyVIkVK47hmv2sCfxdljubbiYzxK,TRUE
patrick.meyer69,patrick.meyer69@hispeed.ch,Patrick,Meyer,$2b$12$ycrj6s3RTIXj85Ef1/5S3uZohUyVIkVK47hmv2sCfxdljubbiYzxK,TRUE
frédéric.boechat70,frédéric.boechat70@sunrise.ch,Frédéric,Boechat,$2b$12$ycrj6s3RTIXj85Ef1/5S3uZohUyVIkVK47hmv2sCfxdljubbiYzxK,TRUE
henri.barman71,henri.barman71@gmail.com,Henri,Barman,$2b$12$ycrj6s3RTIXj85Ef1/5S3uZohUyVIkVK47hmv2sCfxdljubbiYzxK,TRUE
jacques.vallélian72,jacques.vallélian72@gmail.com,Jacques,Vallélian,$2b$12$ycrj6s3RTIXj85Ef1/5S3uZohUyVIkVK47hmv2sCfxdljubbiYzxK,TRUE
samuel.aebi73,samuel.aebi73@romandie.com,Samuel,Aebi,$2b$12$ycrj6s3RTIXj85Ef1/5S3uZohUyVIkVK47hmv2sCfxdljubbiYzxK,TRUE
lucas.duvanel74,lucas.duvanel74@hispeed.ch,Lucas,Duvanel,$2b$12$ycrj6s3RTIXj85Ef1/5S3uZohUyVIkVK47hmv2sCfxdljubbiYzxK,TRUE
henri.morard75,henri.morard75@sunrise.ch,Henri,Morard,$2b$12$ycrj6s3RTIXj85Ef1/5S3uZohUyVIkVK47hmv2sCfxdljubbiYzxK,TRUE
vincent.marti76,vincent.marti76@gmail.com,Vincent,Marti,$2b$12$ycrj6s3RTIXj85Ef1/5S3uZohUyVIkVK47hmv2sCfxdljubbiYzxK,TRUE
bernard.chevalley77,bernard.chevalley77@hispeed.ch,Bernard,Chevalley,$2b$12$ycrj6s3RTIXj85Ef1/5S3uZohUyVIkVK47hmv2sCfxdljubbiYzxK,TRUE
alexandre.boichat78,alexandre.boichat78@romandie.com,Alexandre,Boichat,$2b$12$ycrj6s3RTIXj85Ef1/5S3uZohUyVIkVK47hmv2sCfxdljubbiYzxK,TRUE
alexandre.bovet79,alexandre.bovet79@hispeed.ch,Alexandre,Bovet,$2b$12$ycrj6s3RTIXj85Ef1/5S3uZohUyVIkVK47hmv2sCfxdljubbiYzxK,TRUE
raymond.muriset80,raymond.muriset80@bluewin.ch,Raymond,Muriset,$2b$12$ycrj6s3RTIXj85Ef1/5S3uZohUyVIkVK47hmv2sCfxdljubbiYzxK,TRUE
pascal.martin81,pascal.martin81@sunrise.ch,Pascal,Martin,$2b$12$ycrj6s3RTIXj85Ef1/5S3uZohUyVIkVK47hmv2sCfxdljubbiYzxK,TRUE
olivier.meyer82,olivier.meyer82@sunrise.ch,Olivier,Meyer,$2b$12$ycrj6s3RTIXj85Ef1/5S3uZohUyVIkVK47hmv2sCfxdljubbiYzxK,TRUE
maxime.treboux83,maxime.treboux83@sunrise.ch,Maxime,Treboux,$2b$12$ycrj6s3RTIXj85Ef1/5S3uZohUyVIkVK47hmv2sCfxdljubbiYzxK,TRUE
georges.vallélian84,georges.vallélian84@bluewin.ch,Georges,Vallélian,$2b$12$ycrj6s3RTIXj85Ef1/5S3uZohUyVIkVK47hmv2sCfxdljubbiYzxK,TRUE
michel.vienne85,michel.vienne85@romandie.com,Michel,Vienne,$2b$12$ycrj6s3RTIXj85Ef1/5S3uZohUyVIkVK47hmv2sCfxdljubbiYzxK,TRUE
guillaume.balmat86,guillaume.balmat86@bluewin.ch,Guillaume,Balmat,$2b$12$ycrj6s3RTIXj85Ef1/5S3uZohUyVIkVK47hmv2sCfxdljubbiYzxK,TRUE
louis.rapraz87,louis.rapraz87@sunrise.ch,Louis,Rapraz,$2b$12$ycrj6s3RTIXj85Ef1/5S3uZohUyVIkVK47hmv2sCfxdljubbiYzxK,TRUE
rené.cornuz88,rené.cornuz88@bluewin.ch,René,Cornuz,$2b$12$ycrj6s3RTIXj85Ef1/5S3uZohUyVIkVK47hmv2sCfxdljubbiYzxK,TRUE
henri.joye89,henri.joye89@bluewin.ch,Henri,Joye,$2b$12$ycrj6s3RTIXj85Ef1/5S3uZohUyVIkVK47hmv2sCfxdljubbiYzxK,TRUE
andré.nüsslin90,andré.nüsslin90@yahoo.fr,André,Nüsslin,$2b$12$ycrj6s3RTIXj85Ef1/5S3uZohUyVIkVK47hmv2sCfxdljubbiYzxK,TRUE
gérard.vermeil91,gérard.vermeil91@bluewin.ch,Gérard,Vermeil,$2b$12$ycrj6s3RTIXj85Ef1/5S3uZohUyVIkVK47hmv2sCfxdljubbiYzxK,TRUE
maurice.chapuis92,maurice.chapuis92@vtxnet.ch,Maurice,Chapuis,$2b$12$ycrj6s3RTIXj85Ef1/5S3uZohUyVIkVK47hmv2sCfxdljubbiYzxK,TRUE
jacques.nusslé93,jacques.nusslé93@bluewin.ch,Jacques,Nusslé,$2b$12$ycrj6s3RTIXj85Ef1/5S3uZohUyVIkVK47hmv2sCfxdljubbiYzxK,TRUE
daniel.nüsslin94,daniel.nüsslin94@vtxnet.ch,Daniel,Nüsslin,$2b$12$ycrj6s3RTIXj85Ef1/5S3uZohUyVIkVK47hmv2sCfxdljubbiYzxK,TRUE
daniel.vermeil95,daniel.vermeil95@hotmail.fr,Daniel,Vermeil,$2b$12$ycrj6s3RTIXj85Ef1/5S3uZohUyVIkVK47hmv2sCfxdljubbiYzxK,TRUE
bruno.galland96,bruno.galland96@yahoo.fr,Bruno,Galland,$2b$12$ycrj6s3RTIXj85Ef1/5S3uZohUyVIkVK47hmv2sCfxdljubbiYzxK,TRUE
léo.courvoisier97,léo.courvoisier97@sunrise.ch,Léo,Courvoisier,$2b$12$ycrj6s3RTIXj85Ef1/5S3uZohUyVIkVK47hmv2sCfxdljubbiYzxK,TRUE
thomas.corpataux98,thomas.corpataux98@gmail.com,Thomas,Corpataux,$2b$12$ycrj6s3RTIXj85Ef1/5S3uZohUyVIkVK47hmv2sCfxdljubbiYzxK,TRUE
julien.crivelli99,julien.crivelli99@vtxnet.ch,Julien,Crivelli,$2b$12$ycrj6s3RTIXj85Ef1/5S3uZohUyVIkVK47hmv2sCfxdljubbiYzxK,TRUE
kevin.bourquard100,kevin.bourquard100@vtxnet.ch,Kevin,Bourquard,$2b$12$ycrj6s3RTIXj85Ef1/5S3uZohUyVIkVK47hmv2sCfxdljubbiYzxK,TRUE
jean-pierre.uldry101,jean-pierre.uldry101@romandie.com,Jean-Pierre,Uldry,$2b$12$ycrj6s3RTIXj85Ef1/5S3uZohUyVIkVK47hmv2sCfxdljubbiYzxK,TRUE
raymond.carraux102,raymond.carraux102@gmail.com,Raymond,Carraux,$2b$12$ycrj6s3RTIXj85Ef1/5S3uZohUyVIkVK47hmv2sCfxdljubbiYzxK,TRUE
antonio.morard103,antonio.morard103@bluewin.ch,Antonio,Morard,$2b$12$ycrj6s3RTIXj85Ef1/5S3uZohUyVIkVK47hmv2sCfxdljubbiYzxK,TRUE
romain.godet104,romain.godet104@yahoo.fr,Romain,Godet,$2b$12$ycrj6s3RTIXj85Ef1/5S3uZohUyVIkVK47hmv2sCfxdljubbiYzxK,TRUE
paul.brahier105,paul.brahier105@romandie.com,Paul,Brahier,$2b$12$ycrj6s3RTIXj85Ef1/5S3uZohUyVIkVK47hmv2sCfxdljubbiYzxK,TRUE
roland.isella106,roland.isella106@gmail.com,Roland,Isella,$2b$12$ycrj6s3RTIXj85Ef1/5S3uZohUyVIkVK47hmv2sCfxdljubbiYzxK,TRUE
théo.diesbach107,théo.diesbach107@hotmail.fr,Théo,Diesbach,$2b$12$ycrj6s3RTIXj85Ef1/5S3uZohUyVIkVK47hmv2sCfxdljubbiYzxK,TRUE
antonio.pellet108,antonio.pellet108@yahoo.fr,Antonio,Pellet,$2b$12$ycrj6s3RTIXj85Ef1/5S3uZohUyVIkVK47hmv2sCfxdljubbiYzxK,TRUE
philippe.mottiez109,philippe.mottiez109@hotmail.fr,Philippe,Mottiez,$2b$12$ycrj6s3RTIXj85Ef1/5S3uZohUyVIkVK47hmv2sCfxdljubbiYzxK,TRUE
philippe.babey110,philippe.babey110@hispeed.ch,Philippe,Babey,$2b$12$ycrj6s3RTIXj85Ef1/5S3uZohUyVIkVK47hmv2sCfxdljubbiYzxK,TRUE
andré.jomini111,andré.jomini111@yahoo.fr,André,Jomini,$2b$12$ycrj6s3RTIXj85Ef1/5S3uZohUyVIkVK47hmv2sCfxdljubbiYzxK,TRUE
raymond.paccot112,raymond.paccot112@sunrise.ch,Raymond,Paccot,$2b$12$ycrj6s3RTIXj85Ef1/5S3uZohUyVIkVK47hmv2sCfxdljubbiYzxK,TRUE
pascal.diesbach113,pascal.diesbach113@yahoo.fr,Pascal,Diesbach,$2b$12$ycrj6s3RTIXj85Ef1/5S3uZohUyVIkVK47hmv2sCfxdljubbiYzxK,TRUE
antonio.grosjean114,antonio.grosjean114@sunrise.ch,Antonio,Grosjean,$2b$12$ycrj6s3RTIXj85Ef1/5S3uZohUyVIkVK47hmv2sCfxdljubbiYzxK,TRUE
christophe.beuchat115,christophe.beuchat115@romandie.com,Christophe,Beuchat,$2b$12$ycrj6s3RTIXj85Ef1/5S3uZohUyVIkVK47hmv2sCfxdljubbiYzxK,TRUE
raymond.vonlanthen116,raymond.vonlanthen116@hotmail.fr,Raymond,Vonlanthen,$2b$12$ycrj6s3RTIXj85Ef1/5S3uZohUyVIkVK47hmv2sCfxdljubbiYzxK,TRUE
pierre.deshusses117,pierre.deshusses117@gmail.com,Pierre,Deshusses,$2b$12$ycrj6s3RTIXj85Ef1/5S3uZohUyVIkVK47hmv2sCfxdljubbiYzxK,TRUE
théo.bonvini118,théo.bonvini118@romandie.com,Théo,Bonvini,$2b$12$ycrj6s3RTIXj85Ef1/5S3uZohUyVIkVK47hmv2sCfxdljubbiYzxK,TRUE
vincent.nusslé119,vincent.nusslé119@romandie.com,Vincent,Nusslé,$2b$12$ycrj6s3RTIXj85Ef1/5S3uZohUyVIkVK47hmv2sCfxdljubbiYzxK,TRUE
jean.carron120,jean.carron120@romandie.com,Jean,Carron,$2b$12$ycrj6s3RTIXj85Ef1/5S3uZohUyVIkVK47hmv2sCfxdljubbiYzxK,TRUE
noah.godet121,noah.godet121@gmail.com,Noah,Godet,$2b$12$ycrj6s3RTIXj85Ef1/5S3uZohUyVIkVK47hmv2sCfxdljubbiYzxK,TRUE
alain.paccot122,alain.paccot122@vtxnet.ch,Alain,Paccot,$2b$12$ycrj6s3RTIXj85Ef1/5S3uZohUyVIkVK47hmv2sCfxdljubbiYzxK,TRUE
louis.barman123,louis.barman123@romandie.com,Louis,Barman,$2b$12$ycrj6s3RTIXj85Ef1/5S3uZohUyVIkVK47hmv2sCfxdljubbiYzxK,TRUE
christian.corboz124,christian.corboz124@vtxnet.ch,Christian,Corboz,$2b$12$ycrj6s3RTIXj85Ef1/5S3uZohUyVIkVK47hmv2sCfxdljubbiYzxK,TRUE
claude.muriset125,claude.muriset125@gmail.com,Claude,Muriset,$2b$12$ycrj6s3RTIXj85Ef1/5S3uZohUyVIkVK47hmv2sCfxdljubbiYzxK,TRUE
stéphane.treboux126,stéphane.treboux126@hispeed.ch,Stéphane,Treboux,$2b$12$ycrj6s3RTIXj85Ef1/5S3uZohUyVIkVK47hmv2sCfxdljubbiYzxK,TRUE
maurice.crivelli127,maurice.crivelli127@vtxnet.ch,Maurice,Crivelli,$2b$12$ycrj6s3RTIXj85Ef1/5S3uZohUyVIkVK47hmv2sCfxdljubbiYzxK,TRUE
charles.dubey128,charles.dubey128@sunrise.ch,Charles,Dubey,$2b$12$ycrj6s3RTIXj85Ef1/5S3uZohUyVIkVK47hmv2sCfxdljubbiYzxK,TRUE
olivier.cosendey129,olivier.cosendey129@romandie.com,Olivier,Cosendey,$2b$12$ycrj6s3RTIXj85Ef1/5S3uZohUyVIkVK47hmv2sCfxdljubbiYzxK,TRUE
léo.comte130,léo.comte130@sunrise.ch,Léo,Comte,$2b$12$ycrj6s3RTIXj85Ef1/5S3uZohUyVIkVK47hmv2sCfxdljubbiYzxK,TRUE
luca.corboz131,luca.corboz131@hotmail.fr,Luca,Corboz,$2b$12$ycrj6s3RTIXj85Ef1/5S3uZohUyVIkVK47hmv2sCfxdljubbiYzxK,TRUE
roland.robadey132,roland.robadey132@bluewin.ch,Roland,Robadey,$2b$12$ycrj6s3RTIXj85Ef1/5S3uZohUyVIkVK47hmv2sCfxdljubbiYzxK,TRUE
rené.uldry133,rené.uldry133@yahoo.fr,René,Uldry,$2b$12$ycrj6s3RTIXj85Ef1/5S3uZohUyVIkVK47hmv2sCfxdljubbiYzxK,TRUE
christian.théraulaz134,christian.théraulaz134@yahoo.fr,Christian,Théraulaz,$2b$12$ycrj6s3RTIXj85Ef1/5S3uZohUyVIkVK47hmv2sCfxdljubbiYzxK,TRUE
eric.quartier135,eric.quartier135@bluewin.ch,Eric,Quartier,$2b$12$ycrj6s3RTIXj85Ef1/5S3uZohUyVIkVK47hmv2sCfxdljubbiYzxK,TRUE
michael.monney136,michael.monney136@sunrise.ch,Michael,Monney,$2b$12$ycrj6s3RTIXj85Ef1/5S3uZohUyVIkVK47hmv2sCfxdljubbiYzxK,TRUE
stéphane.bernasconi137,stéphane.bernasconi137@yahoo.fr,Stéphane,Bernasconi,$2b$12$ycrj6s3RTIXj85Ef1/5S3uZohUyVIkVK47hmv2sCfxdljubbiYzxK,TRUE
nolan.alber138,nolan.alber138@hotmail.fr,Nolan,Alber,$2b$12$ycrj6s3RTIXj85Ef1/5S3uZohUyVIkVK47hmv2sCfxdljubbiYzxK,TRUE
thierry.badan139,thierry.badan139@romandie.com,Thierry,Badan,$2b$12$ycrj6s3RTIXj85Ef1/5S3uZohUyVIkVK47hmv2sCfxdljubbiYzxK,TRUE
christian.rey140,christian.rey140@hotmail.fr,Christian,Rey,$2b$12$ycrj6s3RTIXj85Ef1/5S3uZohUyVIkVK47hmv2sCfxdljubbiYzxK,TRUE
patrick.polla141,patrick.polla141@hispeed.ch,Patrick,Polla,$2b$12$ycrj6s3RTIXj85Ef1/5S3uZohUyVIkVK47hmv2sCfxdljubbiYzxK,TRUE
patrick.béguelin142,patrick.béguelin142@sunrise.ch,Patrick,Béguelin,$2b$12$ycrj6s3RTIXj85Ef1/5S3uZohUyVIkVK47hmv2sCfxdljubbiYzxK,TRUE
maurice.badan143,maurice.badan143@bluewin.ch,Maurice,Badan,$2b$12$ycrj6s3RTIXj85Ef1/5S3uZohUyVIkVK47hmv2sCfxdljubbiYzxK,TRUE
david.cornut144,david.cornut144@bluewin.ch,David,Cornut,$2b$12$ycrj6s3RTIXj85Ef1/5S3uZohUyVIkVK47hmv2sCfxdljubbiYzxK,TRUE
noah.thorens145,noah.thorens145@yahoo.fr,Noah,Thorens,$2b$12$ycrj6s3RTIXj85Ef1/5S3uZohUyVIkVK47hmv2sCfxdljubbiYzxK,TRUE
samuel.mottet146,samuel.mottet146@yahoo.fr,Samuel,Mottet,$2b$12$ycrj6s3RTIXj85Ef1/5S3uZohUyVIkVK47hmv2sCfxdljubbiYzxK,TRUE
loïc.matile147,loïc.matile147@gmail.com,Loïc,Matile,$2b$12$ycrj6s3RTIXj85Ef1/5S3uZohUyVIkVK47hmv2sCfxdljubbiYzxK,TRUE
pascal.mercier148,pascal.mercier148@hotmail.fr,Pascal,Mercier,$2b$12$ycrj6s3RTIXj85Ef1/5S3uZohUyVIkVK47hmv2sCfxdljubbiYzxK,TRUE
antonio.delèze149,antonio.delèze149@sunrise.ch,Antonio,Delèze,$2b$12$ycrj6s3RTIXj85Ef1/5S3uZohUyVIkVK47hmv2sCfxdljubbiYzxK,TRUE
théo.bavaud150,théo.bavaud150@hispeed.ch,Théo,Bavaud,$2b$12$ycrj6s3RTIXj85Ef1/5S3uZohUyVIkVK47hmv2sCfxdljubbiYzxK,TRUE
bernard.saudan151,bernard.saudan151@romandie.com,Bernard,Saudan,$2b$12$ycrj6s3RTIXj85Ef1/5S3uZohUyVIkVK47hmv2sCfxdljubbiYzxK,TRUE
sébastien.rapraz152,sébastien.rapraz152@gmail.com,Sébastien,Rapraz,$2b$12$ycrj6s3RTIXj85Ef1/5S3uZohUyVIkVK47hmv2sCfxdljubbiYzxK,TRUE
jacques.bugnon153,jacques.bugnon153@sunrise.ch,Jacques,Bugnon,$2b$12$ycrj6s3RTIXj85Ef1/5S3uZohUyVIkVK47hmv2sCfxdljubbiYzxK,TRUE
robert.chevrolet154,robert.chevrolet154@yahoo.fr,Robert,Chevrolet,$2b$12$ycrj6s3RTIXj85Ef1/5S3uZohUyVIkVK47hmv2sCfxdljubbiYzxK,TRUE
bernard.sansonnens155,bernard.sansonnens155@yahoo.fr,Bernard,Sansonnens,$2b$12$ycrj6s3RTIXj85Ef1/5S3uZohUyVIkVK47hmv2sCfxdljubbiYzxK,TRUE
florian.privet156,florian.privet156@gmail.com,Florian,Privet,$2b$12$ycrj6s3RTIXj85Ef1/5S3uZohUyVIkVK47hmv2sCfxdljubbiYzxK,TRUE
hugo.charpié157,hugo.charpié157@hotmail.fr,Hugo,Charpié,$2b$12$ycrj6s3RTIXj85Ef1/5S3uZohUyVIkVK47hmv2sCfxdljubbiYzxK,TRUE
bernard.fonjallaz158,bernard.fonjallaz158@bluewin.ch,Bernard,Fonjallaz,$2b$12$ycrj6s3RTIXj85Ef1/5S3uZohUyVIkVK47hmv2sCfxdljubbiYzxK,TRUE
thomas.courvoisier159,thomas.courvoisier159@sunrise.ch,Thomas,Courvoisier,$2b$12$ycrj6s3RTIXj85Ef1/5S3uZohUyVIkVK47hmv2sCfxdljubbiYzxK,TRUE
guillaume.balmat160,guillaume.balmat160@gmail.com,Guillaume,Balmat,$2b$12$ycrj6s3RTIXj85Ef1/5S3uZohUyVIkVK47hmv2sCfxdljubbiYzxK,TRUE
antonio.bahon161,antonio.bahon161@sunrise.ch,Antonio,Bahon,$2b$12$ycrj6s3RTIXj85Ef1/5S3uZohUyVIkVK47hmv2sCfxdljubbiYzxK,TRUE
raymond.grand162,raymond.grand162@yahoo.fr,Raymond,Grand,$2b$12$ycrj6s3RTIXj85Ef1/5S3uZohUyVIkVK47hmv2sCfxdljubbiYzxK,TRUE
jean-pierre.vonlanthen163,jean-pierre.vonlanthen163@sunrise.ch,Jean-Pierre,Vonlanthen,$2b$12$ycrj6s3RTIXj85Ef1/5S3uZohUyVIkVK47hmv2sCfxdljubbiYzxK,TRUE
alain.montandon164,alain.montandon164@vtxnet.ch,Alain,Montandon,$2b$12$ycrj6s3RTIXj85Ef1/5S3uZohUyVIkVK47hmv2sCfxdljubbiYzxK,TRUE
jean.piccand165,jean.piccand165@vtxnet.ch,Jean,Piccand,$2b$12$ycrj6s3RTIXj85Ef1/5S3uZohUyVIkVK47hmv2sCfxdljubbiYzxK,TRUE
alexandre.treboux166,alexandre.treboux166@bluewin.ch,Alexandre,Treboux,$2b$12$ycrj6s3RTIXj85Ef1/5S3uZohUyVIkVK47hmv2sCfxdljubbiYzxK,TRUE
georges.nüsslin167,georges.nüsslin167@hispeed.ch,Georges,Nüsslin,$2b$12$ycrj6s3RTIXj85Ef1/5S3uZohUyVIkVK47hmv2sCfxdljubbiYzxK,TRUE
guillaume.gilliéron168,guillaume.gilliéron168@romandie.com,Guillaume,Gilliéron,$2b$12$ycrj6s3RTIXj85Ef1/5S3uZohUyVIkVK47hmv2sCfxdljubbiYzxK,TRUE
lucas.jacot-guillarmod169,lucas.jacot-guillarmod169@yahoo.fr,Lucas,Jacot-Guillarmod,$2b$12$ycrj6s3RTIXj85Ef1/5S3uZohUyVIkVK47hmv2sCfxdljubbiYzxK,TRUE
gilbert.nusslé170,gilbert.nusslé170@gmail.com,Gilbert,Nusslé,$2b$12$ycrj6s3RTIXj85Ef1/5S3uZohUyVIkVK47hmv2sCfxdljubbiYzxK,TRUE
josé.de dardel171,josé.de dardel171@yahoo.fr,José,de Dardel,$2b$12$ycrj6s3RTIXj85Ef1/5S3uZohUyVIkVK47hmv2sCfxdljubbiYzxK,TRUE
antonio.dubey172,antonio.dubey172@yahoo.fr,Antonio,Dubey,$2b$12$ycrj6s3RTIXj85Ef1/5S3uZohUyVIkVK47hmv2sCfxdljubbiYzxK,TRUE
julien.robert173,julien.robert173@gmail.com,Julien,Robert,$2b$12$ycrj6s3RTIXj85Ef1/5S3uZohUyVIkVK47hmv2sCfxdljubbiYzxK,TRUE
maurice.grojean174,maurice.grojean174@bluewin.ch,Maurice,Grojean,$2b$12$ycrj6s3RTIXj85Ef1/5S3uZohUyVIkVK47hmv2sCfxdljubbiYzxK,TRUE
kevin.martin175,kevin.martin175@romandie.com,Kevin,Martin,$2b$12$ycrj6s3RTIXj85Ef1/5S3uZohUyVIkVK47hmv2sCfxdljubbiYzxK,TRUE
david.isella176,david.isella176@gmail.com,David,Isella,$2b$12$ycrj6s3RTIXj85Ef1/5S3uZohUyVIkVK47hmv2sCfxdljubbiYzxK,TRUE
paul.charpié177,paul.charpié177@hotmail.fr,Paul,Charpié,$2b$12$ycrj6s3RTIXj85Ef1/5S3uZohUyVIkVK47hmv2sCfxdljubbiYzxK,TRUE
henri.boillat178,henri.boillat178@sunrise.ch,Henri,Boillat,$2b$12$ycrj6s3RTIXj85Ef1/5S3uZohUyVIkVK47hmv2sCfxdljubbiYzxK,TRUE
rené.paschoud179,rené.paschoud179@gmail.com,René,Paschoud,$2b$12$ycrj6s3RTIXj85Ef1/5S3uZohUyVIkVK47hmv2sCfxdljubbiYzxK,TRUE
hugo.sandoz180,hugo.sandoz180@hotmail.fr,Hugo,Sandoz,$2b$12$ycrj6s3RTIXj85Ef1/5S3uZohUyVIkVK47hmv2sCfxdljubbiYzxK,TRUE
nolan.gubéran181,nolan.gubéran181@romandie.com,Nolan,Gubéran,$2b$12$ycrj6s3RTIXj85Ef1/5S3uZohUyVIkVK47hmv2sCfxdljubbiYzxK,TRUE
patrick.candaux182,patrick.candaux182@yahoo.fr,Patrick,Candaux,$2b$12$ycrj6s3RTIXj85Ef1/5S3uZohUyVIkVK47hmv2sCfxdljubbiYzxK,TRUE
alexandre.charpié183,alexandre.charpié183@romandie.com,Alexandre,Charpié,$2b$12$ycrj6s3RTIXj85Ef1/5S3uZohUyVIkVK47hmv2sCfxdljubbiYzxK,TRUE
stéphane.boichat184,stéphane.boichat184@gmail.com,Stéphane,Boichat,$2b$12$ycrj6s3RTIXj85Ef1/5S3uZohUyVIkVK47hmv2sCfxdljubbiYzxK,TRUE
lucas.joye185,lucas.joye185@bluewin.ch,Lucas,Joye,$2b$12$ycrj6s3RTIXj85Ef1/5S3uZohUyVIkVK47hmv2sCfxdljubbiYzxK,TRUE
thierry.broquet186,thierry.broquet186@hotmail.fr,Thierry,Broquet,$2b$12$ycrj6s3RTIXj85Ef1/5S3uZohUyVIkVK47hmv2sCfxdljubbiYzxK,TRUE
arthur.aeby187,arthur.aeby187@bluewin.ch,Arthur,Aeby,$2b$12$ycrj6s3RTIXj85Ef1/5S3uZohUyVIkVK47hmv2sCfxdljubbiYzxK,TRUE
noah.musy188,noah.musy188@vtxnet.ch,Noah,Musy,$2b$12$ycrj6s3RTIXj85Ef1/5S3uZohUyVIkVK47hmv2sCfxdljubbiYzxK,TRUE
thierry.bernasconi189,thierry.bernasconi189@hotmail.fr,Thierry,Bernasconi,$2b$12$ycrj6s3RTIXj85Ef1/5S3uZohUyVIkVK47hmv2sCfxdljubbiYzxK,TRUE
pierre.beuret190,pierre.beuret190@gmail.com,Pierre,Beuret,$2b$12$ycrj6s3RTIXj85Ef1/5S3uZohUyVIkVK47hmv2sCfxdljubbiYzxK,TRUE
jonathan.barbey191,jonathan.barbey191@bluewin.ch,Jonathan,Barbey,$2b$12$ycrj6s3RTIXj85Ef1/5S3uZohUyVIkVK47hmv2sCfxdljubbiYzxK,TRUE
henri.thorens192,henri.thorens192@hotmail.fr,Henri,Thorens,$2b$12$ycrj6s3RTIXj85Ef1/5S3uZohUyVIkVK47hmv2sCfxdljubbiYzxK,TRUE
albert.bouvier193,albert.bouvier193@bluewin.ch,Albert,Bouvier,$2b$12$ycrj6s3RTIXj85Ef1/5S3uZohUyVIkVK47hmv2sCfxdljubbiYzxK,TRUE
florian.grojean194,florian.grojean194@yahoo.fr,Florian,Grojean,$2b$12$ycrj6s3RTIXj85Ef1/5S3uZohUyVIkVK47hmv2sCfxdljubbiYzxK,TRUE
andré.comte195,andré.comte195@hotmail.fr,André,Comte,$2b$12$ycrj6s3RTIXj85Ef1/5S3uZohUyVIkVK47hmv2sCfxdljubbiYzxK,TRUE
thierry.cornuz196,thierry.cornuz196@sunrise.ch,Thierry,Cornuz,$2b$12$ycrj6s3RTIXj85Ef1/5S3uZohUyVIkVK47hmv2sCfxdljubbiYzxK,TRUE
sébastien.sansonnens197,sébastien.sansonnens197@hispeed.ch,Sébastien,Sansonnens,$2b$12$ycrj6s3RTIXj85Ef1/5S3uZohUyVIkVK47hmv2sCfxdljubbiYzxK,TRUE
samuel.rosselat198,samuel.rosselat198@gmail.com,Samuel,Rosselat,$2b$12$ycrj6s3RTIXj85Ef1/5S3uZohUyVIkVK47hmv2sCfxdljubbiYzxK,TRUE
julien.carraud199,julien.carraud199@sunrise.ch,Julien,Carraud,$2b$12$ycrj6s3RTIXj85Ef1/5S3uZohUyVIkVK47hmv2sCfxdljubbiYzxK,TRUE
pascal.monney200,pascal.monney200@hotmail.fr,Pascal,Monney,$2b$12$ycrj6s3RTIXj85Ef1/5S3uZohUyVIkVK47hmv2sCfxdljubbiYzxK,TRUE
maurice.courvoisier201,maurice.courvoisier201@vtxnet.ch,Maurice,Courvoisier,$2b$12$ycrj6s3RTIXj85Ef1/5S3uZohUyVIkVK47hmv2sCfxdljubbiYzxK,TRUE
andré.gilliéron202,andré.gilliéron202@romandie.com,André,Gilliéron,$2b$12$ycrj6s3RTIXj85Ef1/5S3uZohUyVIkVK47hmv2sCfxdljubbiYzxK,TRUE
stéphane.boechat203,stéphane.boechat203@sunrise.ch,Stéphane,Boechat,$2b$12$ycrj6s3RTIXj85Ef1/5S3uZohUyVIkVK47hmv2sCfxdljubbiYzxK,TRUE
maurice.julliard204,maurice.julliard204@yahoo.fr,Maurice,Julliard,$2b$12$ycrj6s3RTIXj85Ef1/5S3uZohUyVIkVK47hmv2sCfxdljubbiYzxK,TRUE
laurent.rappaz205,laurent.rappaz205@bluewin.ch,Laurent,Rappaz,$2b$12$ycrj6s3RTIXj85Ef1/5S3uZohUyVIkVK47hmv2sCfxdljubbiYzxK,TRUE
romain.crevoisier206,romain.crevoisier206@hispeed.ch,Romain,Crevoisier,$2b$12$ycrj6s3RTIXj85Ef1/5S3uZohUyVIkVK47hmv2sCfxdljubbiYzxK,TRUE
philippe.candaux207,philippe.candaux207@gmail.com,Philippe,Candaux,$2b$12$ycrj6s3RTIXj85Ef1/5S3uZohUyVIkVK47hmv2sCfxdljubbiYzxK,TRUE
georges.bonvini208,georges.bonvini208@hispeed.ch,Georges,Bonvini,$2b$12$ycrj6s3RTIXj85Ef1/5S3uZohUyVIkVK47hmv2sCfxdljubbiYzxK,TRUE
olivier.boechat209,olivier.boechat209@romandie.com,Olivier,Boechat,$2b$12$ycrj6s3RTIXj85Ef1/5S3uZohUyVIkVK47hmv2sCfxdljubbiYzxK,TRUE
bernard.besançon210,bernard.besançon210@bluewin.ch,Bernard,Besançon,$2b$12$ycrj6s3RTIXj85Ef1/5S3uZohUyVIkVK47hmv2sCfxdljubbiYzxK,TRUE
thierry.matile211,thierry.matile211@vtxnet.ch,Thierry,Matile,$2b$12$ycrj6s3RTIXj85Ef1/5S3uZohUyVIkVK47hmv2sCfxdljubbiYzxK,TRUE
lucas.bochud212,lucas.bochud212@romandie.com,Lucas,Bochud,$2b$12$ycrj6s3RTIXj85Ef1/5S3uZohUyVIkVK47hmv2sCfxdljubbiYzxK,TRUE
nathan.privet213,nathan.privet213@vtxnet.ch,Nathan,Privet,$2b$12$ycrj6s3RTIXj85Ef1/5S3uZohUyVIkVK47hmv2sCfxdljubbiYzxK,TRUE
romain.beguin214,romain.beguin214@vtxnet.ch,Romain,Beguin,$2b$12$ycrj6s3RTIXj85Ef1/5S3uZohUyVIkVK47hmv2sCfxdljubbiYzxK,TRUE
albert.robadey215,albert.robadey215@gmail.com,Albert,Robadey,$2b$12$ycrj6s3RTIXj85Ef1/5S3uZohUyVIkVK47hmv2sCfxdljubbiYzxK,TRUE
christian.mottet216,christian.mottet216@yahoo.fr,Christian,Mottet,$2b$12$ycrj6s3RTIXj85Ef1/5S3uZohUyVIkVK47hmv2sCfxdljubbiYzxK,TRUE
jonathan.martin217,jonathan.martin217@bluewin.ch,Jonathan,Martin,$2b$12$ycrj6s3RTIXj85Ef1/5S3uZohUyVIkVK47hmv2sCfxdljubbiYzxK,TRUE
alexandre.brandt218,alexandre.brandt218@romandie.com,Alexandre,Brandt,$2b$12$ycrj6s3RTIXj85Ef1/5S3uZohUyVIkVK47hmv2sCfxdljubbiYzxK,TRUE
philippe.vallélian219,philippe.vallélian219@hotmail.fr,Philippe,Vallélian,$2b$12$ycrj6s3RTIXj85Ef1/5S3uZohUyVIkVK47hmv2sCfxdljubbiYzxK,TRUE
maurice.nüsslin220,maurice.nüsslin220@sunrise.ch,Maurice,Nüsslin,$2b$12$ycrj6s3RTIXj85Ef1/5S3uZohUyVIkVK47hmv2sCfxdljubbiYzxK,TRUE
hugo.bernasconi221,hugo.bernasconi221@bluewin.ch,Hugo,Bernasconi,$2b$12$ycrj6s3RTIXj85Ef1/5S3uZohUyVIkVK47hmv2sCfxdljubbiYzxK,TRUE
henri.tinguely222,henri.tinguely222@yahoo.fr,Henri,Tinguely,$2b$12$ycrj6s3RTIXj85Ef1/5S3uZohUyVIkVK47hmv2sCfxdljubbiYzxK,TRUE
jean-claude.chaudet223,jean-claude.chaudet223@romandie.com,Jean-Claude,Chaudet,$2b$12$ycrj6s3RTIXj85Ef1/5S3uZohUyVIkVK47hmv2sCfxdljubbiYzxK,TRUE
josé.crivelli224,josé.crivelli224@hotmail.fr,José,Crivelli,$2b$12$ycrj6s3RTIXj85Ef1/5S3uZohUyVIkVK47hmv2sCfxdljubbiYzxK,TRUE
guillaume.polla225,guillaume.polla225@sunrise.ch,Guillaume,Polla,$2b$12$ycrj6s3RTIXj85Ef1/5S3uZohUyVIkVK47hmv2sCfxdljubbiYzxK,TRUE
roger.monney226,roger.monney226@hotmail.fr,Roger,Monney,$2b$12$ycrj6s3RTIXj85Ef1/5S3uZohUyVIkVK47hmv2sCfxdljubbiYzxK,TRUE
jacques.polla227,jacques.polla227@hotmail.fr,Jacques,Polla,$2b$12$ycrj6s3RTIXj85Ef1/5S3uZohUyVIkVK47hmv2sCfxdljubbiYzxK,TRUE
josé.niquille228,josé.niquille228@hispeed.ch,José,Niquille,$2b$12$ycrj6s3RTIXj85Ef1/5S3uZohUyVIkVK47hmv2sCfxdljubbiYzxK,TRUE
claude.aeby229,claude.aeby229@gmail.com,Claude,Aeby,$2b$12$ycrj6s3RTIXj85Ef1/5S3uZohUyVIkVK47hmv2sCfxdljubbiYzxK,TRUE
bruno.isella230,bruno.isella230@hotmail.fr,Bruno,Isella,$2b$12$ycrj6s3RTIXj85Ef1/5S3uZohUyVIkVK47hmv2sCfxdljubbiYzxK,TRUE
patrick.bovet231,patrick.bovet231@gmail.com,Patrick,Bovet,$2b$12$ycrj6s3RTIXj85Ef1/5S3uZohUyVIkVK47hmv2sCfxdljubbiYzxK,TRUE
josé.pasquier232,josé.pasquier232@romandie.com,José,Pasquier,$2b$12$ycrj6s3RTIXj85Ef1/5S3uZohUyVIkVK47hmv2sCfxdljubbiYzxK,TRUE
nicolas.corpataux233,nicolas.corpataux233@vtxnet.ch,Nicolas,Corpataux,$2b$12$ycrj6s3RTIXj85Ef1/5S3uZohUyVIkVK47hmv2sCfxdljubbiYzxK,TRUE
gérard.crevoisier234,gérard.crevoisier234@yahoo.fr,Gérard,Crevoisier,$2b$12$ycrj6s3RTIXj85Ef1/5S3uZohUyVIkVK47hmv2sCfxdljubbiYzxK,TRUE
julien.quartier235,julien.quartier235@yahoo.fr,Julien,Quartier,$2b$12$ycrj6s3RTIXj85Ef1/5S3uZohUyVIkVK47hmv2sCfxdljubbiYzxK,TRUE
gérard.romanens236,gérard.romanens236@hotmail.fr,Gérard,Romanens,$2b$12$ycrj6s3RTIXj85Ef1/5S3uZohUyVIkVK47hmv2sCfxdljubbiYzxK,TRUE
eric.muriset237,eric.muriset237@vtxnet.ch,Eric,Muriset,$2b$12$ycrj6s3RTIXj85Ef1/5S3uZohUyVIkVK47hmv2sCfxdljubbiYzxK,TRUE
arthur.blanc238,arthur.blanc238@sunrise.ch,Arthur,Blanc,$2b$12$ycrj6s3RTIXj85Ef1/5S3uZohUyVIkVK47hmv2sCfxdljubbiYzxK,TRUE
david.montandon239,david.montandon239@hotmail.fr,David,Montandon,$2b$12$ycrj6s3RTIXj85Ef1/5S3uZohUyVIkVK47hmv2sCfxdljubbiYzxK,TRUE
paul.carron240,paul.carron240@hispeed.ch,Paul,Carron,$2b$12$ycrj6s3RTIXj85Ef1/5S3uZohUyVIkVK47hmv2sCfxdljubbiYzxK,TRUE
mathieu.botteron241,mathieu.botteron241@vtxnet.ch,Mathieu,Botteron,$2b$12$ycrj6s3RTIXj85Ef1/5S3uZohUyVIkVK47hmv2sCfxdljubbiYzxK,TRUE
gilbert.marti242,gilbert.marti242@hispeed.ch,Gilbert,Marti,$2b$12$ycrj6s3RTIXj85Ef1/5S3uZohUyVIkVK47hmv2sCfxdljubbiYzxK,TRUE
florian.carraud243,florian.carraud243@bluewin.ch,Florian,Carraud,$2b$12$ycrj6s3RTIXj85Ef1/5S3uZohUyVIkVK47hmv2sCfxdljubbiYzxK,TRUE
bruno.gubéran244,bruno.gubéran244@gmail.com,Bruno,Gubéran,$2b$12$ycrj6s3RTIXj85Ef1/5S3uZohUyVIkVK47hmv2sCfxdljubbiYzxK,TRUE
matteo.montandon245,matteo.montandon245@yahoo.fr,Matteo,Montandon,$2b$12$ycrj6s3RTIXj85Ef1/5S3uZohUyVIkVK47hmv2sCfxdljubbiYzxK,TRUE
pierre.matile246,pierre.matile246@hotmail.fr,Pierre,Matile,$2b$12$ycrj6s3RTIXj85Ef1/5S3uZohUyVIkVK47hmv2sCfxdljubbiYzxK,TRUE
luca.curdy247,luca.curdy247@hispeed.ch,Luca,Curdy,$2b$12$ycrj6s3RTIXj85Ef1/5S3uZohUyVIkVK47hmv2sCfxdljubbiYzxK,TRUE
jean-pierre.beuret248,jean-pierre.beuret248@vtxnet.ch,Jean-Pierre,Beuret,$2b$12$ycrj6s3RTIXj85Ef1/5S3uZohUyVIkVK47hmv2sCfxdljubbiYzxK,TRUE
ethan.corpataux249,ethan.corpataux249@bluewin.ch,Ethan,Corpataux,$2b$12$ycrj6s3RTIXj85Ef1/5S3uZohUyVIkVK47hmv2sCfxdljubbiYzxK,TRUE
louis.carraux250,louis.carraux250@romandie.com,Louis,Carraux,$2b$12$ycrj6s3RTIXj85Ef1/5S3uZohUyVIkVK47hmv2sCfxdljubbiYzxK,TRUE
ana.georges251,ana.georges251@yahoo.fr,Ana,Georges,$2b$12$ycrj6s3RTIXj85Ef1/5S3uZohUyVIkVK47hmv2sCfxdljubbiYzxK,TRUE
sandra.de dardel252,sandra.de dardel252@yahoo.fr,Sandra,de Dardel,$2b$12$ycrj6s3RTIXj85Ef1/5S3uZohUyVIkVK47hmv2sCfxdljubbiYzxK,TRUE
mathilde.saudan253,mathilde.saudan253@bluewin.ch,Mathilde,Saudan,$2b$12$ycrj6s3RTIXj85Ef1/5S3uZohUyVIkVK47hmv2sCfxdljubbiYzxK,TRUE
maria.musy254,maria.musy254@bluewin.ch,Maria,Musy,$2b$12$ycrj6s3RTIXj85Ef1/5S3uZohUyVIkVK47hmv2sCfxdljubbiYzxK,TRUE
marie.polla255,marie.polla255@bluewin.ch,Marie,Polla,$2b$12$ycrj6s3RTIXj85Ef1/5S3uZohUyVIkVK47hmv2sCfxdljubbiYzxK,TRUE
josiane.comte256,josiane.comte256@sunrise.ch,Josiane,Comte,$2b$12$ycrj6s3RTIXj85Ef1/5S3uZohUyVIkVK47hmv2sCfxdljubbiYzxK,TRUE
christiane.privet257,christiane.privet257@hispeed.ch,Christiane,Privet,$2b$12$ycrj6s3RTIXj85Ef1/5S3uZohUyVIkVK47hmv2sCfxdljubbiYzxK,TRUE
véronique.monney258,véronique.monney258@romandie.com,Véronique,Monney,$2b$12$ycrj6s3RTIXj85Ef1/5S3uZohUyVIkVK47hmv2sCfxdljubbiYzxK,TRUE
sandra.boechat259,sandra.boechat259@bluewin.ch,Sandra,Boechat,$2b$12$ycrj6s3RTIXj85Ef1/5S3uZohUyVIkVK47hmv2sCfxdljubbiYzxK,TRUE
monique.chatriand260,monique.chatriand260@yahoo.fr,Monique,Chatriand,$2b$12$ycrj6s3RTIXj85Ef1/5S3uZohUyVIkVK47hmv2sCfxdljubbiYzxK,TRUE
jeanne.uldry261,jeanne.uldry261@vtxnet.ch,Jeanne,Uldry,$2b$12$ycrj6s3RTIXj85Ef1/5S3uZohUyVIkVK47hmv2sCfxdljubbiYzxK,TRUE
ana.droz262,ana.droz262@sunrise.ch,Ana,Droz,$2b$12$ycrj6s3RTIXj85Ef1/5S3uZohUyVIkVK47hmv2sCfxdljubbiYzxK,TRUE
alicia.musy263,alicia.musy263@sunrise.ch,Alicia,Musy,$2b$12$ycrj6s3RTIXj85Ef1/5S3uZohUyVIkVK47hmv2sCfxdljubbiYzxK,TRUE
jessica.pellet264,jessica.pellet264@hispeed.ch,Jessica,Pellet,$2b$12$ycrj6s3RTIXj85Ef1/5S3uZohUyVIkVK47hmv2sCfxdljubbiYzxK,TRUE
elisa.comment265,elisa.comment265@gmail.com,Elisa,Comment,$2b$12$ycrj6s3RTIXj85Ef1/5S3uZohUyVIkVK47hmv2sCfxdljubbiYzxK,TRUE
stéphanie.vallélian266,stéphanie.vallélian266@yahoo.fr,Stéphanie,Vallélian,$2b$12$ycrj6s3RTIXj85Ef1/5S3uZohUyVIkVK47hmv2sCfxdljubbiYzxK,TRUE
denise.crivelli267,denise.crivelli267@romandie.com,Denise,Crivelli,$2b$12$ycrj6s3RTIXj85Ef1/5S3uZohUyVIkVK47hmv2sCfxdljubbiYzxK,TRUE
marianne.blanc268,marianne.blanc268@romandie.com,Marianne,Blanc,$2b$12$ycrj6s3RTIXj85Ef1/5S3uZohUyVIkVK47hmv2sCfxdljubbiYzxK,TRUE
julie.chevrolet269,julie.chevrolet269@bluewin.ch,Julie,Chevrolet,$2b$12$ycrj6s3RTIXj85Ef1/5S3uZohUyVIkVK47hmv2sCfxdljubbiYzxK,TRUE
julie.bujard270,julie.bujard270@romandie.com,Julie,Bujard,$2b$12$ycrj6s3RTIXj85Ef1/5S3uZohUyVIkVK47hmv2sCfxdljubbiYzxK,TRUE
françoise.beurret271,françoise.beurret271@yahoo.fr,Françoise,Beurret,$2b$12$ycrj6s3RTIXj85Ef1/5S3uZohUyVIkVK47hmv2sCfxdljubbiYzxK,TRUE
mathilde.sansonnens272,mathilde.sansonnens272@hotmail.fr,Mathilde,Sansonnens,$2b$12$ycrj6s3RTIXj85Ef1/5S3uZohUyVIkVK47hmv2sCfxdljubbiYzxK,TRUE
manon.chaudet273,manon.chaudet273@gmail.com,Manon,Chaudet,$2b$12$ycrj6s3RTIXj85Ef1/5S3uZohUyVIkVK47hmv2sCfxdljubbiYzxK,TRUE
sophie.corbat274,sophie.corbat274@sunrise.ch,Sophie,Corbat,$2b$12$ycrj6s3RTIXj85Ef1/5S3uZohUyVIkVK47hmv2sCfxdljubbiYzxK,TRUE
claudine.barbey275,claudine.barbey275@vtxnet.ch,Claudine,Barbey,$2b$12$ycrj6s3RTIXj85Ef1/5S3uZohUyVIkVK47hmv2sCfxdljubbiYzxK,TRUE
anne.berberat276,anne.berberat276@sunrise.ch,Anne,Berberat,$2b$12$ycrj6s3RTIXj85Ef1/5S3uZohUyVIkVK47hmv2sCfxdljubbiYzxK,TRUE
alice.vonlanthen277,alice.vonlanthen277@gmail.com,Alice,Vonlanthen,$2b$12$ycrj6s3RTIXj85Ef1/5S3uZohUyVIkVK47hmv2sCfxdljubbiYzxK,TRUE
clara.alber278,clara.alber278@hotmail.fr,Clara,Alber,$2b$12$ycrj6s3RTIXj85Ef1/5S3uZohUyVIkVK47hmv2sCfxdljubbiYzxK,TRUE
lucie.vuille279,lucie.vuille279@romandie.com,Lucie,Vuille,$2b$12$ycrj6s3RTIXj85Ef1/5S3uZohUyVIkVK47hmv2sCfxdljubbiYzxK,TRUE
léa.rey280,léa.rey280@vtxnet.ch,Léa,Rey,$2b$12$ycrj6s3RTIXj85Ef1/5S3uZohUyVIkVK47hmv2sCfxdljubbiYzxK,TRUE
léa.curdy281,léa.curdy281@hotmail.fr,Léa,Curdy,$2b$12$ycrj6s3RTIXj85Ef1/5S3uZohUyVIkVK47hmv2sCfxdljubbiYzxK,TRUE
eva.jomini282,eva.jomini282@hispeed.ch,Eva,Jomini,$2b$12$ycrj6s3RTIXj85Ef1/5S3uZohUyVIkVK47hmv2sCfxdljubbiYzxK,TRUE
denise.pasquier283,denise.pasquier283@yahoo.fr,Denise,Pasquier,$2b$12$ycrj6s3RTIXj85Ef1/5S3uZohUyVIkVK47hmv2sCfxdljubbiYzxK,TRUE
aurélie.galland284,aurélie.galland284@gmail.com,Aurélie,Galland,$2b$12$ycrj6s3RTIXj85Ef1/5S3uZohUyVIkVK47hmv2sCfxdljubbiYzxK,TRUE
isabelle.robert285,isabelle.robert285@hispeed.ch,Isabelle,Robert,$2b$12$ycrj6s3RTIXj85Ef1/5S3uZohUyVIkVK47hmv2sCfxdljubbiYzxK,TRUE
sophie.cousin286,sophie.cousin286@gmail.com,Sophie,Cousin,$2b$12$ycrj6s3RTIXj85Ef1/5S3uZohUyVIkVK47hmv2sCfxdljubbiYzxK,TRUE
hélène.mottiez287,hélène.mottiez287@bluewin.ch,Hélène,Mottiez,$2b$12$ycrj6s3RTIXj85Ef1/5S3uZohUyVIkVK47hmv2sCfxdljubbiYzxK,TRUE
jessica.bourquard288,jessica.bourquard288@yahoo.fr,Jessica,Bourquard,$2b$12$ycrj6s3RTIXj85Ef1/5S3uZohUyVIkVK47hmv2sCfxdljubbiYzxK,TRUE
nathalie.corbat289,nathalie.corbat289@vtxnet.ch,Nathalie,Corbat,$2b$12$ycrj6s3RTIXj85Ef1/5S3uZohUyVIkVK47hmv2sCfxdljubbiYzxK,TRUE
simone.besençon290,simone.besençon290@bluewin.ch,Simone,Besençon,$2b$12$ycrj6s3RTIXj85Ef1/5S3uZohUyVIkVK47hmv2sCfxdljubbiYzxK,TRUE
yvette.cattin291,yvette.cattin291@hotmail.fr,Yvette,Cattin,$2b$12$ycrj6s3RTIXj85Ef1/5S3uZohUyVIkVK47hmv2sCfxdljubbiYzxK,TRUE
suzanne.müller292,suzanne.müller292@romandie.com,Suzanne,Müller,$2b$12$ycrj6s3RTIXj85Ef1/5S3uZohUyVIkVK47hmv2sCfxdljubbiYzxK,TRUE
manon.cornut293,manon.cornut293@yahoo.fr,Manon,Cornut,$2b$12$ycrj6s3RTIXj85Ef1/5S3uZohUyVIkVK47hmv2sCfxdljubbiYzxK,TRUE
patricia.crevoisier294,patricia.crevoisier294@hispeed.ch,Patricia,Crevoisier,$2b$12$ycrj6s3RTIXj85Ef1/5S3uZohUyVIkVK47hmv2sCfxdljubbiYzxK,TRUE
simone.vallélian295,simone.vallélian295@romandie.com,Simone,Vallélian,$2b$12$ycrj6s3RTIXj85Ef1/5S3uZohUyVIkVK47hmv2sCfxdljubbiYzxK,TRUE
clara.chopard296,clara.chopard296@yahoo.fr,Clara,Chopard,$2b$12$ycrj6s3RTIXj85Ef1/5S3uZohUyVIkVK47hmv2sCfxdljubbiYzxK,TRUE
véronique.quartier297,véronique.quartier297@yahoo.fr,Véronique,Quartier,$2b$12$ycrj6s3RTIXj85Ef1/5S3uZohUyVIkVK47hmv2sCfxdljubbiYzxK,TRUE
alicia.musy298,alicia.musy298@romandie.com,Alicia,Musy,$2b$12$ycrj6s3RTIXj85Ef1/5S3uZohUyVIkVK47hmv2sCfxdljubbiYzxK,TRUE
marianne.humbert299,marianne.humbert299@hispeed.ch,Marianne,Humbert,$2b$12$ycrj6s3RTIXj85Ef1/5S3uZohUyVIkVK47hmv2sCfxdljubbiYzxK,TRUE
valérie.piccand300,valérie.piccand300@romandie.com,Valérie,Piccand,$2b$12$ycrj6s3RTIXj85Ef1/5S3uZohUyVIkVK47hmv2sCfxdljubbiYzxK,TRUE
emma.chapuis301,emma.chapuis301@gmail.com,Emma,Chapuis,$2b$12$ycrj6s3RTIXj85Ef1/5S3uZohUyVIkVK47hmv2sCfxdljubbiYzxK,TRUE
danielle.humbert302,danielle.humbert302@sunrise.ch,Danielle,Humbert,$2b$12$ycrj6s3RTIXj85Ef1/5S3uZohUyVIkVK47hmv2sCfxdljubbiYzxK,TRUE
claudine.duroux303,claudine.duroux303@hotmail.fr,Claudine,Duroux,$2b$12$ycrj6s3RTIXj85Ef1/5S3uZohUyVIkVK47hmv2sCfxdljubbiYzxK,TRUE
jacqueline.cornut304,jacqueline.cornut304@vtxnet.ch,Jacqueline,Cornut,$2b$12$ycrj6s3RTIXj85Ef1/5S3uZohUyVIkVK47hmv2sCfxdljubbiYzxK,TRUE
ana.cornut305,ana.cornut305@hispeed.ch,Ana,Cornut,$2b$12$ycrj6s3RTIXj85Ef1/5S3uZohUyVIkVK47hmv2sCfxdljubbiYzxK,TRUE
clara.coigny306,clara.coigny306@hotmail.fr,Clara,Coigny,$2b$12$ycrj6s3RTIXj85Ef1/5S3uZohUyVIkVK47hmv2sCfxdljubbiYzxK,TRUE
lara.rosselat307,lara.rosselat307@sunrise.ch,Lara,Rosselat,$2b$12$ycrj6s3RTIXj85Ef1/5S3uZohUyVIkVK47hmv2sCfxdljubbiYzxK,TRUE
céline.chapuis308,céline.chapuis308@gmail.com,Céline,Chapuis,$2b$12$ycrj6s3RTIXj85Ef1/5S3uZohUyVIkVK47hmv2sCfxdljubbiYzxK,TRUE
marcelle.bonvini309,marcelle.bonvini309@bluewin.ch,Marcelle,Bonvini,$2b$12$ycrj6s3RTIXj85Ef1/5S3uZohUyVIkVK47hmv2sCfxdljubbiYzxK,TRUE
sandra.beguin310,sandra.beguin310@hispeed.ch,Sandra,Beguin,$2b$12$ycrj6s3RTIXj85Ef1/5S3uZohUyVIkVK47hmv2sCfxdljubbiYzxK,TRUE
georgette.curdy311,georgette.curdy311@romandie.com,Georgette,Curdy,$2b$12$ycrj6s3RTIXj85Ef1/5S3uZohUyVIkVK47hmv2sCfxdljubbiYzxK,TRUE
nicole.droz312,nicole.droz312@vtxnet.ch,Nicole,Droz,$2b$12$ycrj6s3RTIXj85Ef1/5S3uZohUyVIkVK47hmv2sCfxdljubbiYzxK,TRUE
eliane.musy313,eliane.musy313@romandie.com,Eliane,Musy,$2b$12$ycrj6s3RTIXj85Ef1/5S3uZohUyVIkVK47hmv2sCfxdljubbiYzxK,TRUE
léa.besançon314,léa.besançon314@sunrise.ch,Léa,Besançon,$2b$12$ycrj6s3RTIXj85Ef1/5S3uZohUyVIkVK47hmv2sCfxdljubbiYzxK,TRUE
germaine.blanc315,germaine.blanc315@hispeed.ch,Germaine,Blanc,$2b$12$ycrj6s3RTIXj85Ef1/5S3uZohUyVIkVK47hmv2sCfxdljubbiYzxK,TRUE
valérie.rey316,valérie.rey316@yahoo.fr,Valérie,Rey,$2b$12$ycrj6s3RTIXj85Ef1/5S3uZohUyVIkVK47hmv2sCfxdljubbiYzxK,TRUE
valérie.marty317,valérie.marty317@vtxnet.ch,Valérie,Marty,$2b$12$ycrj6s3RTIXj85Ef1/5S3uZohUyVIkVK47hmv2sCfxdljubbiYzxK,TRUE
sophie.balmat318,sophie.balmat318@hispeed.ch,Sophie,Balmat,$2b$12$ycrj6s3RTIXj85Ef1/5S3uZohUyVIkVK47hmv2sCfxdljubbiYzxK,TRUE
laura.babey319,laura.babey319@hotmail.fr,Laura,Babey,$2b$12$ycrj6s3RTIXj85Ef1/5S3uZohUyVIkVK47hmv2sCfxdljubbiYzxK,TRUE
céline.joye320,céline.joye320@sunrise.ch,Céline,Joye,$2b$12$ycrj6s3RTIXj85Ef1/5S3uZohUyVIkVK47hmv2sCfxdljubbiYzxK,TRUE
nelly.pasquier321,nelly.pasquier321@hotmail.fr,Nelly,Pasquier,$2b$12$ycrj6s3RTIXj85Ef1/5S3uZohUyVIkVK47hmv2sCfxdljubbiYzxK,TRUE
jacqueline.berberat322,jacqueline.berberat322@yahoo.fr,Jacqueline,Berberat,$2b$12$ycrj6s3RTIXj85Ef1/5S3uZohUyVIkVK47hmv2sCfxdljubbiYzxK,TRUE
yvette.morand323,yvette.morand323@sunrise.ch,Yvette,Morand,$2b$12$ycrj6s3RTIXj85Ef1/5S3uZohUyVIkVK47hmv2sCfxdljubbiYzxK,TRUE
danielle.vonlanthen324,danielle.vonlanthen324@sunrise.ch,Danielle,Vonlanthen,$2b$12$ycrj6s3RTIXj85Ef1/5S3uZohUyVIkVK47hmv2sCfxdljubbiYzxK,TRUE
christine.candaux325,christine.candaux325@bluewin.ch,Christine,Candaux,$2b$12$ycrj6s3RTIXj85Ef1/5S3uZohUyVIkVK47hmv2sCfxdljubbiYzxK,TRUE
marie.boechat326,marie.boechat326@hispeed.ch,Marie,Boechat,$2b$12$ycrj6s3RTIXj85Ef1/5S3uZohUyVIkVK47hmv2sCfxdljubbiYzxK,TRUE
laurence.martin327,laurence.martin327@romandie.com,Laurence,Martin,$2b$12$ycrj6s3RTIXj85Ef1/5S3uZohUyVIkVK47hmv2sCfxdljubbiYzxK,TRUE
chantal.barillon328,chantal.barillon328@bluewin.ch,Chantal,Barillon,$2b$12$ycrj6s3RTIXj85Ef1/5S3uZohUyVIkVK47hmv2sCfxdljubbiYzxK,TRUE
patricia.chevrolet329,patricia.chevrolet329@romandie.com,Patricia,Chevrolet,$2b$12$ycrj6s3RTIXj85Ef1/5S3uZohUyVIkVK47hmv2sCfxdljubbiYzxK,TRUE
céline.evéquoz330,céline.evéquoz330@gmail.com,Céline,Evéquoz,$2b$12$ycrj6s3RTIXj85Ef1/5S3uZohUyVIkVK47hmv2sCfxdljubbiYzxK,TRUE
josiane.piccand331,josiane.piccand331@hotmail.fr,Josiane,Piccand,$2b$12$ycrj6s3RTIXj85Ef1/5S3uZohUyVIkVK47hmv2sCfxdljubbiYzxK,TRUE
emilie.muriset332,emilie.muriset332@sunrise.ch,Emilie,Muriset,$2b$12$ycrj6s3RTIXj85Ef1/5S3uZohUyVIkVK47hmv2sCfxdljubbiYzxK,TRUE
anna.mottiez333,anna.mottiez333@bluewin.ch,Anna,Mottiez,$2b$12$ycrj6s3RTIXj85Ef1/5S3uZohUyVIkVK47hmv2sCfxdljubbiYzxK,TRUE
danielle.francillon334,danielle.francillon334@gmail.com,Danielle,Francillon,$2b$12$ycrj6s3RTIXj85Ef1/5S3uZohUyVIkVK47hmv2sCfxdljubbiYzxK,TRUE
camille.privet335,camille.privet335@yahoo.fr,Camille,Privet,$2b$12$ycrj6s3RTIXj85Ef1/5S3uZohUyVIkVK47hmv2sCfxdljubbiYzxK,TRUE
suzanne.polla336,suzanne.polla336@romandie.com,Suzanne,Polla,$2b$12$ycrj6s3RTIXj85Ef1/5S3uZohUyVIkVK47hmv2sCfxdljubbiYzxK,TRUE
eliane.brahier337,eliane.brahier337@bluewin.ch,Eliane,Brahier,$2b$12$ycrj6s3RTIXj85Ef1/5S3uZohUyVIkVK47hmv2sCfxdljubbiYzxK,TRUE
marie.gilliéron338,marie.gilliéron338@hispeed.ch,Marie,Gilliéron,$2b$12$ycrj6s3RTIXj85Ef1/5S3uZohUyVIkVK47hmv2sCfxdljubbiYzxK,TRUE
josiane.chatriand339,josiane.chatriand339@gmail.com,Josiane,Chatriand,$2b$12$ycrj6s3RTIXj85Ef1/5S3uZohUyVIkVK47hmv2sCfxdljubbiYzxK,TRUE
chloé.peitrequin340,chloé.peitrequin340@hispeed.ch,Chloé,Peitrequin,$2b$12$ycrj6s3RTIXj85Ef1/5S3uZohUyVIkVK47hmv2sCfxdljubbiYzxK,TRUE
elisa.corbat341,elisa.corbat341@gmail.com,Elisa,Corbat,$2b$12$ycrj6s3RTIXj85Ef1/5S3uZohUyVIkVK47hmv2sCfxdljubbiYzxK,TRUE
monique.rapin342,monique.rapin342@hotmail.fr,Monique,Rapin,$2b$12$ycrj6s3RTIXj85Ef1/5S3uZohUyVIkVK47hmv2sCfxdljubbiYzxK,TRUE
alice.gubéran343,alice.gubéran343@gmail.com,Alice,Gubéran,$2b$12$ycrj6s3RTIXj85Ef1/5S3uZohUyVIkVK47hmv2sCfxdljubbiYzxK,TRUE
liliane.cornut344,liliane.cornut344@vtxnet.ch,Liliane,Cornut,$2b$12$ycrj6s3RTIXj85Ef1/5S3uZohUyVIkVK47hmv2sCfxdljubbiYzxK,TRUE
laetitia.crivelli345,laetitia.crivelli345@sunrise.ch,Laetitia,Crivelli,$2b$12$ycrj6s3RTIXj85Ef1/5S3uZohUyVIkVK47hmv2sCfxdljubbiYzxK,TRUE
maria.paccot346,maria.paccot346@romandie.com,Maria,Paccot,$2b$12$ycrj6s3RTIXj85Ef1/5S3uZohUyVIkVK47hmv2sCfxdljubbiYzxK,TRUE
mélanie.beguin347,mélanie.beguin347@bluewin.ch,Mélanie,Beguin,$2b$12$ycrj6s3RTIXj85Ef1/5S3uZohUyVIkVK47hmv2sCfxdljubbiYzxK,TRUE
yvonne.cossy348,yvonne.cossy348@bluewin.ch,Yvonne,Cossy,$2b$12$ycrj6s3RTIXj85Ef1/5S3uZohUyVIkVK47hmv2sCfxdljubbiYzxK,TRUE
jacqueline.blanc349,jacqueline.blanc349@romandie.com,Jacqueline,Blanc,$2b$12$ycrj6s3RTIXj85Ef1/5S3uZohUyVIkVK47hmv2sCfxdljubbiYzxK,TRUE
manon.musy350,manon.musy350@romandie.com,Manon,Musy,$2b$12$ycrj6s3RTIXj85Ef1/5S3uZohUyVIkVK47hmv2sCfxdljubbiYzxK,TRUE
véronique.carraux351,véronique.carraux351@gmail.com,Véronique,Carraux,$2b$12$ycrj6s3RTIXj85Ef1/5S3uZohUyVIkVK47hmv2sCfxdljubbiYzxK,TRUE
maria.mercier352,maria.mercier352@sunrise.ch,Maria,Mercier,$2b$12$ycrj6s3RTIXj85Ef1/5S3uZohUyVIkVK47hmv2sCfxdljubbiYzxK,TRUE
sylvie.evéquoz353,sylvie.evéquoz353@sunrise.ch,Sylvie,Evéquoz,$2b$12$ycrj6s3RTIXj85Ef1/5S3uZohUyVIkVK47hmv2sCfxdljubbiYzxK,TRUE
laura.masseron354,laura.masseron354@vtxnet.ch,Laura,Masseron,$2b$12$ycrj6s3RTIXj85Ef1/5S3uZohUyVIkVK47hmv2sCfxdljubbiYzxK,TRUE
ana.vuille355,ana.vuille355@yahoo.fr,Ana,Vuille,$2b$12$ycrj6s3RTIXj85Ef1/5S3uZohUyVIkVK47hmv2sCfxdljubbiYzxK,TRUE
claudine.cornuz356,claudine.cornuz356@hotmail.fr,Claudine,Cornuz,$2b$12$ycrj6s3RTIXj85Ef1/5S3uZohUyVIkVK47hmv2sCfxdljubbiYzxK,TRUE
camille.curdy357,camille.curdy357@gmail.com,Camille,Curdy,$2b$12$ycrj6s3RTIXj85Ef1/5S3uZohUyVIkVK47hmv2sCfxdljubbiYzxK,TRUE
céline.muriset358,céline.muriset358@yahoo.fr,Céline,Muriset,$2b$12$ycrj6s3RTIXj85Ef1/5S3uZohUyVIkVK47hmv2sCfxdljubbiYzxK,TRUE
véronique.balmat359,véronique.balmat359@hispeed.ch,Véronique,Balmat,$2b$12$ycrj6s3RTIXj85Ef1/5S3uZohUyVIkVK47hmv2sCfxdljubbiYzxK,TRUE
laura.piccand360,laura.piccand360@vtxnet.ch,Laura,Piccand,$2b$12$ycrj6s3RTIXj85Ef1/5S3uZohUyVIkVK47hmv2sCfxdljubbiYzxK,TRUE
mélanie.pasquier361,mélanie.pasquier361@gmail.com,Mélanie,Pasquier,$2b$12$ycrj6s3RTIXj85Ef1/5S3uZohUyVIkVK47hmv2sCfxdljubbiYzxK,TRUE
marcelle.paccot362,marcelle.paccot362@hotmail.fr,Marcelle,Paccot,$2b$12$ycrj6s3RTIXj85Ef1/5S3uZohUyVIkVK47hmv2sCfxdljubbiYzxK,TRUE
laura.barbey363,laura.barbey363@hispeed.ch,Laura,Barbey,$2b$12$ycrj6s3RTIXj85Ef1/5S3uZohUyVIkVK47hmv2sCfxdljubbiYzxK,TRUE
mélanie.blanc364,mélanie.blanc364@hispeed.ch,Mélanie,Blanc,$2b$12$ycrj6s3RTIXj85Ef1/5S3uZohUyVIkVK47hmv2sCfxdljubbiYzxK,TRUE
germaine.deshusses365,germaine.deshusses365@romandie.com,Germaine,Deshusses,$2b$12$ycrj6s3RTIXj85Ef1/5S3uZohUyVIkVK47hmv2sCfxdljubbiYzxK,TRUE
laura.béguelin366,laura.béguelin366@sunrise.ch,Laura,Béguelin,$2b$12$ycrj6s3RTIXj85Ef1/5S3uZohUyVIkVK47hmv2sCfxdljubbiYzxK,TRUE
nicole.corpataux367,nicole.corpataux367@hispeed.ch,Nicole,Corpataux,$2b$12$ycrj6s3RTIXj85Ef1/5S3uZohUyVIkVK47hmv2sCfxdljubbiYzxK,TRUE
anna.deladoëy368,anna.deladoëy368@bluewin.ch,Anna,Deladoëy,$2b$12$ycrj6s3RTIXj85Ef1/5S3uZohUyVIkVK47hmv2sCfxdljubbiYzxK,TRUE
laura.bouvier369,laura.bouvier369@hispeed.ch,Laura,Bouvier,$2b$12$ycrj6s3RTIXj85Ef1/5S3uZohUyVIkVK47hmv2sCfxdljubbiYzxK,TRUE
laurence.rossellat370,laurence.rossellat370@vtxnet.ch,Laurence,Rossellat,$2b$12$ycrj6s3RTIXj85Ef1/5S3uZohUyVIkVK47hmv2sCfxdljubbiYzxK,TRUE
nicole.treboux371,nicole.treboux371@vtxnet.ch,Nicole,Treboux,$2b$12$ycrj6s3RTIXj85Ef1/5S3uZohUyVIkVK47hmv2sCfxdljubbiYzxK,TRUE
jacqueline.de dardel372,jacqueline.de dardel372@hispeed.ch,Jacqueline,de Dardel,$2b$12$ycrj6s3RTIXj85Ef1/5S3uZohUyVIkVK47hmv2sCfxdljubbiYzxK,TRUE
zoé.paschoud373,zoé.paschoud373@romandie.com,Zoé,Paschoud,$2b$12$ycrj6s3RTIXj85Ef1/5S3uZohUyVIkVK47hmv2sCfxdljubbiYzxK,TRUE
elisa.delèze374,elisa.delèze374@sunrise.ch,Elisa,Delèze,$2b$12$ycrj6s3RTIXj85Ef1/5S3uZohUyVIkVK47hmv2sCfxdljubbiYzxK,TRUE
anna.robadey375,anna.robadey375@vtxnet.ch,Anna,Robadey,$2b$12$ycrj6s3RTIXj85Ef1/5S3uZohUyVIkVK47hmv2sCfxdljubbiYzxK,TRUE
patricia.droz376,patricia.droz376@vtxnet.ch,Patricia,Droz,$2b$12$ycrj6s3RTIXj85Ef1/5S3uZohUyVIkVK47hmv2sCfxdljubbiYzxK,TRUE
alicia.monney377,alicia.monney377@vtxnet.ch,Alicia,Monney,$2b$12$ycrj6s3RTIXj85Ef1/5S3uZohUyVIkVK47hmv2sCfxdljubbiYzxK,TRUE
monique.beurret378,monique.beurret378@romandie.com,Monique,Beurret,$2b$12$ycrj6s3RTIXj85Ef1/5S3uZohUyVIkVK47hmv2sCfxdljubbiYzxK,TRUE
valérie.barillon379,valérie.barillon379@yahoo.fr,Valérie,Barillon,$2b$12$ycrj6s3RTIXj85Ef1/5S3uZohUyVIkVK47hmv2sCfxdljubbiYzxK,TRUE
sophie.courvoisier380,sophie.courvoisier380@vtxnet.ch,Sophie,Courvoisier,$2b$12$ycrj6s3RTIXj85Ef1/5S3uZohUyVIkVK47hmv2sCfxdljubbiYzxK,TRUE
mathilde.bonvin381,mathilde.bonvin381@hotmail.fr,Mathilde,Bonvin,$2b$12$ycrj6s3RTIXj85Ef1/5S3uZohUyVIkVK47hmv2sCfxdljubbiYzxK,TRUE
laetitia.aeby382,laetitia.aeby382@romandie.com,Laetitia,Aeby,$2b$12$ycrj6s3RTIXj85Ef1/5S3uZohUyVIkVK47hmv2sCfxdljubbiYzxK,TRUE
caroline.georges383,caroline.georges383@yahoo.fr,Caroline,Georges,$2b$12$ycrj6s3RTIXj85Ef1/5S3uZohUyVIkVK47hmv2sCfxdljubbiYzxK,TRUE
mélanie.bovet384,mélanie.bovet384@yahoo.fr,Mélanie,Bovet,$2b$12$ycrj6s3RTIXj85Ef1/5S3uZohUyVIkVK47hmv2sCfxdljubbiYzxK,TRUE
stéphanie.muriset385,stéphanie.muriset385@hotmail.fr,Stéphanie,Muriset,$2b$12$ycrj6s3RTIXj85Ef1/5S3uZohUyVIkVK47hmv2sCfxdljubbiYzxK,TRUE
charlotte.jacot-guillarmod386,charlotte.jacot-guillarmod386@bluewin.ch,Charlotte,Jacot-Guillarmod,$2b$12$ycrj6s3RTIXj85Ef1/5S3uZohUyVIkVK47hmv2sCfxdljubbiYzxK,TRUE
elisabeth.nüsslin387,elisabeth.nüsslin387@gmail.com,Elisabeth,Nüsslin,$2b$12$ycrj6s3RTIXj85Ef1/5S3uZohUyVIkVK47hmv2sCfxdljubbiYzxK,TRUE
céline.jacot-guillarmod388,céline.jacot-guillarmod388@romandie.com,Céline,Jacot-Guillarmod,$2b$12$ycrj6s3RTIXj85Ef1/5S3uZohUyVIkVK47hmv2sCfxdljubbiYzxK,TRUE
laetitia.morard389,laetitia.morard389@gmail.com,Laetitia,Morard,$2b$12$ycrj6s3RTIXj85Ef1/5S3uZohUyVIkVK47hmv2sCfxdljubbiYzxK,TRUE
manon.bahon390,manon.bahon390@hotmail.fr,Manon,Bahon,$2b$12$ycrj6s3RTIXj85Ef1/5S3uZohUyVIkVK47hmv2sCfxdljubbiYzxK,TRUE
clara.crevoisier391,clara.crevoisier391@bluewin.ch,Clara,Crevoisier,$2b$12$ycrj6s3RTIXj85Ef1/5S3uZohUyVIkVK47hmv2sCfxdljubbiYzxK,TRUE
marie.cousin392,marie.cousin392@yahoo.fr,Marie,Cousin,$2b$12$ycrj6s3RTIXj85Ef1/5S3uZohUyVIkVK47hmv2sCfxdljubbiYzxK,TRUE
valérie.marty393,valérie.marty393@hispeed.ch,Valérie,Marty,$2b$12$ycrj6s3RTIXj85Ef1/5S3uZohUyVIkVK47hmv2sCfxdljubbiYzxK,TRUE
marianne.rossellat394,marianne.rossellat394@hispeed.ch,Marianne,Rossellat,$2b$12$ycrj6s3RTIXj85Ef1/5S3uZohUyVIkVK47hmv2sCfxdljubbiYzxK,TRUE
sarah.coigny395,sarah.coigny395@hispeed.ch,Sarah,Coigny,$2b$12$ycrj6s3RTIXj85Ef1/5S3uZohUyVIkVK47hmv2sCfxdljubbiYzxK,TRUE
lara.chatriand396,lara.chatriand396@hotmail.fr,Lara,Chatriand,$2b$12$ycrj6s3RTIXj85Ef1/5S3uZohUyVIkVK47hmv2sCfxdljubbiYzxK,TRUE
chloé.deshusses397,chloé.deshusses397@sunrise.ch,Chloé,Deshusses,$2b$12$ycrj6s3RTIXj85Ef1/5S3uZohUyVIkVK47hmv2sCfxdljubbiYzxK,TRUE
patricia.barman398,patricia.barman398@vtxnet.ch,Patricia,Barman,$2b$12$ycrj6s3RTIXj85Ef1/5S3uZohUyVIkVK47hmv2sCfxdljubbiYzxK,TRUE
sophie.marti399,sophie.marti399@hispeed.ch,Sophie,Marti,$2b$12$ycrj6s3RTIXj85Ef1/5S3uZohUyVIkVK47hmv2sCfxdljubbiYzxK,TRUE
anna.matile400,anna.matile400@romandie.com,Anna,Matile,$2b$12$ycrj6s3RTIXj85Ef1/5S3uZohUyVIkVK47hmv2sCfxdljubbiYzxK,TRUE
lara.comman401,lara.comman401@hotmail.fr,Lara,Comman,$2b$12$ycrj6s3RTIXj85Ef1/5S3uZohUyVIkVK47hmv2sCfxdljubbiYzxK,TRUE
nathalie.besençon402,nathalie.besençon402@romandie.com,Nathalie,Besençon,$2b$12$ycrj6s3RTIXj85Ef1/5S3uZohUyVIkVK47hmv2sCfxdljubbiYzxK,TRUE
françoise.delèze403,françoise.delèze403@hispeed.ch,Françoise,Delèze,$2b$12$ycrj6s3RTIXj85Ef1/5S3uZohUyVIkVK47hmv2sCfxdljubbiYzxK,TRUE
eva.bourquin404,eva.bourquin404@gmail.com,Eva,Bourquin,$2b$12$ycrj6s3RTIXj85Ef1/5S3uZohUyVIkVK47hmv2sCfxdljubbiYzxK,TRUE
liliane.quartier405,liliane.quartier405@hotmail.fr,Liliane,Quartier,$2b$12$ycrj6s3RTIXj85Ef1/5S3uZohUyVIkVK47hmv2sCfxdljubbiYzxK,TRUE
sylvie.monnard406,sylvie.monnard406@sunrise.ch,Sylvie,Monnard,$2b$12$ycrj6s3RTIXj85Ef1/5S3uZohUyVIkVK47hmv2sCfxdljubbiYzxK,TRUE
sara.mottiez407,sara.mottiez407@vtxnet.ch,Sara,Mottiez,$2b$12$ycrj6s3RTIXj85Ef1/5S3uZohUyVIkVK47hmv2sCfxdljubbiYzxK,TRUE
sandra.conrad408,sandra.conrad408@vtxnet.ch,Sandra,Conrad,$2b$12$ycrj6s3RTIXj85Ef1/5S3uZohUyVIkVK47hmv2sCfxdljubbiYzxK,TRUE
caroline.beuchat409,caroline.beuchat409@gmail.com,Caroline,Beuchat,$2b$12$ycrj6s3RTIXj85Ef1/5S3uZohUyVIkVK47hmv2sCfxdljubbiYzxK,TRUE
clara.morard410,clara.morard410@sunrise.ch,Clara,Morard,$2b$12$ycrj6s3RTIXj85Ef1/5S3uZohUyVIkVK47hmv2sCfxdljubbiYzxK,TRUE
elisabeth.conrad411,elisabeth.conrad411@sunrise.ch,Elisabeth,Conrad,$2b$12$ycrj6s3RTIXj85Ef1/5S3uZohUyVIkVK47hmv2sCfxdljubbiYzxK,TRUE
sophie.godet412,sophie.godet412@hotmail.fr,Sophie,Godet,$2b$12$ycrj6s3RTIXj85Ef1/5S3uZohUyVIkVK47hmv2sCfxdljubbiYzxK,TRUE
lisa.besençon413,lisa.besençon413@romandie.com,Lisa,Besençon,$2b$12$ycrj6s3RTIXj85Ef1/5S3uZohUyVIkVK47hmv2sCfxdljubbiYzxK,TRUE
hélène.coigny414,hélène.coigny414@yahoo.fr,Hélène,Coigny,$2b$12$ycrj6s3RTIXj85Ef1/5S3uZohUyVIkVK47hmv2sCfxdljubbiYzxK,TRUE
sarah.rosselet415,sarah.rosselet415@romandie.com,Sarah,Rosselet,$2b$12$ycrj6s3RTIXj85Ef1/5S3uZohUyVIkVK47hmv2sCfxdljubbiYzxK,TRUE
emma.grand416,emma.grand416@gmail.com,Emma,Grand,$2b$12$ycrj6s3RTIXj85Ef1/5S3uZohUyVIkVK47hmv2sCfxdljubbiYzxK,TRUE
claudine.rosselat417,claudine.rosselat417@vtxnet.ch,Claudine,Rosselat,$2b$12$ycrj6s3RTIXj85Ef1/5S3uZohUyVIkVK47hmv2sCfxdljubbiYzxK,TRUE
laurence.vuille418,laurence.vuille418@yahoo.fr,Laurence,Vuille,$2b$12$ycrj6s3RTIXj85Ef1/5S3uZohUyVIkVK47hmv2sCfxdljubbiYzxK,TRUE
françoise.chatriand419,françoise.chatriand419@romandie.com,Françoise,Chatriand,$2b$12$ycrj6s3RTIXj85Ef1/5S3uZohUyVIkVK47hmv2sCfxdljubbiYzxK,TRUE
ana.joly420,ana.joly420@gmail.com,Ana,Joly,$2b$12$ycrj6s3RTIXj85Ef1/5S3uZohUyVIkVK47hmv2sCfxdljubbiYzxK,TRUE
elisabeth.mayor421,elisabeth.mayor421@romandie.com,Elisabeth,Mayor,$2b$12$ycrj6s3RTIXj85Ef1/5S3uZohUyVIkVK47hmv2sCfxdljubbiYzxK,TRUE
claudine.muriset422,claudine.muriset422@bluewin.ch,Claudine,Muriset,$2b$12$ycrj6s3RTIXj85Ef1/5S3uZohUyVIkVK47hmv2sCfxdljubbiYzxK,TRUE
elisa.chenaux423,elisa.chenaux423@vtxnet.ch,Elisa,Chenaux,$2b$12$ycrj6s3RTIXj85Ef1/5S3uZohUyVIkVK47hmv2sCfxdljubbiYzxK,TRUE
yvonne.paccot424,yvonne.paccot424@gmail.com,Yvonne,Paccot,$2b$12$ycrj6s3RTIXj85Ef1/5S3uZohUyVIkVK47hmv2sCfxdljubbiYzxK,TRUE
elodie.peitrequin425,elodie.peitrequin425@vtxnet.ch,Elodie,Peitrequin,$2b$12$ycrj6s3RTIXj85Ef1/5S3uZohUyVIkVK47hmv2sCfxdljubbiYzxK,TRUE
emilie.chatriant426,emilie.chatriant426@hotmail.fr,Emilie,Chatriant,$2b$12$ycrj6s3RTIXj85Ef1/5S3uZohUyVIkVK47hmv2sCfxdljubbiYzxK,TRUE
fabienne.muriset427,fabienne.muriset427@romandie.com,Fabienne,Muriset,$2b$12$ycrj6s3RTIXj85Ef1/5S3uZohUyVIkVK47hmv2sCfxdljubbiYzxK,TRUE
alicia.chappuis428,alicia.chappuis428@bluewin.ch,Alicia,Chappuis,$2b$12$ycrj6s3RTIXj85Ef1/5S3uZohUyVIkVK47hmv2sCfxdljubbiYzxK,TRUE
sandra.joye429,sandra.joye429@hotmail.fr,Sandra,Joye,$2b$12$ycrj6s3RTIXj85Ef1/5S3uZohUyVIkVK47hmv2sCfxdljubbiYzxK,TRUE
stéphanie.beurret430,stéphanie.beurret430@gmail.com,Stéphanie,Beurret,$2b$12$ycrj6s3RTIXj85Ef1/5S3uZohUyVIkVK47hmv2sCfxdljubbiYzxK,TRUE
véronique.comte431,véronique.comte431@romandie.com,Véronique,Comte,$2b$12$ycrj6s3RTIXj85Ef1/5S3uZohUyVIkVK47hmv2sCfxdljubbiYzxK,TRUE
denise.bahon432,denise.bahon432@sunrise.ch,Denise,Bahon,$2b$12$ycrj6s3RTIXj85Ef1/5S3uZohUyVIkVK47hmv2sCfxdljubbiYzxK,TRUE
nelly.curdy433,nelly.curdy433@hotmail.fr,Nelly,Curdy,$2b$12$ycrj6s3RTIXj85Ef1/5S3uZohUyVIkVK47hmv2sCfxdljubbiYzxK,TRUE
charlotte.jomini434,charlotte.jomini434@yahoo.fr,Charlotte,Jomini,$2b$12$ycrj6s3RTIXj85Ef1/5S3uZohUyVIkVK47hmv2sCfxdljubbiYzxK,TRUE
lara.musy435,lara.musy435@romandie.com,Lara,Musy,$2b$12$ycrj6s3RTIXj85Ef1/5S3uZohUyVIkVK47hmv2sCfxdljubbiYzxK,TRUE
jacqueline.bahon436,jacqueline.bahon436@gmail.com,Jacqueline,Bahon,$2b$12$ycrj6s3RTIXj85Ef1/5S3uZohUyVIkVK47hmv2sCfxdljubbiYzxK,TRUE
valérie.cornut437,valérie.cornut437@hispeed.ch,Valérie,Cornut,$2b$12$ycrj6s3RTIXj85Ef1/5S3uZohUyVIkVK47hmv2sCfxdljubbiYzxK,TRUE
nicole.pellet438,nicole.pellet438@yahoo.fr,Nicole,Pellet,$2b$12$ycrj6s3RTIXj85Ef1/5S3uZohUyVIkVK47hmv2sCfxdljubbiYzxK,TRUE
françoise.bahon439,françoise.bahon439@romandie.com,Françoise,Bahon,$2b$12$ycrj6s3RTIXj85Ef1/5S3uZohUyVIkVK47hmv2sCfxdljubbiYzxK,TRUE
sophie.brahier440,sophie.brahier440@hotmail.fr,Sophie,Brahier,$2b$12$ycrj6s3RTIXj85Ef1/5S3uZohUyVIkVK47hmv2sCfxdljubbiYzxK,TRUE
germaine.tinguely441,germaine.tinguely441@romandie.com,Germaine,Tinguely,$2b$12$ycrj6s3RTIXj85Ef1/5S3uZohUyVIkVK47hmv2sCfxdljubbiYzxK,TRUE
marie.courvoisier442,marie.courvoisier442@sunrise.ch,Marie,Courvoisier,$2b$12$ycrj6s3RTIXj85Ef1/5S3uZohUyVIkVK47hmv2sCfxdljubbiYzxK,TRUE
christiane.duvanel443,christiane.duvanel443@hispeed.ch,Christiane,Duvanel,$2b$12$ycrj6s3RTIXj85Ef1/5S3uZohUyVIkVK47hmv2sCfxdljubbiYzxK,TRUE
simone.courvoisier444,simone.courvoisier444@hispeed.ch,Simone,Courvoisier,$2b$12$ycrj6s3RTIXj85Ef1/5S3uZohUyVIkVK47hmv2sCfxdljubbiYzxK,TRUE
thérèse.carraux445,thérèse.carraux445@vtxnet.ch,Thérèse,Carraux,$2b$12$ycrj6s3RTIXj85Ef1/5S3uZohUyVIkVK47hmv2sCfxdljubbiYzxK,TRUE
lucie.comment446,lucie.comment446@sunrise.ch,Lucie,Comment,$2b$12$ycrj6s3RTIXj85Ef1/5S3uZohUyVIkVK47hmv2sCfxdljubbiYzxK,TRUE
sara.berberat447,sara.berberat447@vtxnet.ch,Sara,Berberat,$2b$12$ycrj6s3RTIXj85Ef1/5S3uZohUyVIkVK47hmv2sCfxdljubbiYzxK,TRUE
françoise.polla448,françoise.polla448@bluewin.ch,Françoise,Polla,$2b$12$ycrj6s3RTIXj85Ef1/5S3uZohUyVIkVK47hmv2sCfxdljubbiYzxK,TRUE
hélène.matile449,hélène.matile449@bluewin.ch,Hélène,Matile,$2b$12$ycrj6s3RTIXj85Ef1/5S3uZohUyVIkVK47hmv2sCfxdljubbiYzxK,TRUE
josiane.corpataux450,josiane.corpataux450@hispeed.ch,Josiane,Corpataux,$2b$12$ycrj6s3RTIXj85Ef1/5S3uZohUyVIkVK47hmv2sCfxdljubbiYzxK,TRUE
jessica.rosselat451,jessica.rosselat451@gmail.com,Jessica,Rosselat,$2b$12$ycrj6s3RTIXj85Ef1/5S3uZohUyVIkVK47hmv2sCfxdljubbiYzxK,TRUE
caroline.mottiez452,caroline.mottiez452@vtxnet.ch,Caroline,Mottiez,$2b$12$ycrj6s3RTIXj85Ef1/5S3uZohUyVIkVK47hmv2sCfxdljubbiYzxK,TRUE
sophie.comte453,sophie.comte453@gmail.com,Sophie,Comte,$2b$12$ycrj6s3RTIXj85Ef1/5S3uZohUyVIkVK47hmv2sCfxdljubbiYzxK,TRUE
marianne.cattin454,marianne.cattin454@sunrise.ch,Marianne,Cattin,$2b$12$ycrj6s3RTIXj85Ef1/5S3uZohUyVIkVK47hmv2sCfxdljubbiYzxK,TRUE
julie.muriset455,julie.muriset455@romandie.com,Julie,Muriset,$2b$12$ycrj6s3RTIXj85Ef1/5S3uZohUyVIkVK47hmv2sCfxdljubbiYzxK,TRUE
camille.chatriand456,camille.chatriand456@sunrise.ch,Camille,Chatriand,$2b$12$ycrj6s3RTIXj85Ef1/5S3uZohUyVIkVK47hmv2sCfxdljubbiYzxK,TRUE
jacqueline.grand457,jacqueline.grand457@hotmail.fr,Jacqueline,Grand,$2b$12$ycrj6s3RTIXj85Ef1/5S3uZohUyVIkVK47hmv2sCfxdljubbiYzxK,TRUE
véronique.cossy458,véronique.cossy458@hotmail.fr,Véronique,Cossy,$2b$12$ycrj6s3RTIXj85Ef1/5S3uZohUyVIkVK47hmv2sCfxdljubbiYzxK,TRUE
georgette.deladoëy459,georgette.deladoëy459@vtxnet.ch,Georgette,Deladoëy,$2b$12$ycrj6s3RTIXj85Ef1/5S3uZohUyVIkVK47hmv2sCfxdljubbiYzxK,TRUE
suzanne.mayor460,suzanne.mayor460@sunrise.ch,Suzanne,Mayor,$2b$12$ycrj6s3RTIXj85Ef1/5S3uZohUyVIkVK47hmv2sCfxdljubbiYzxK,TRUE
manon.béguelin461,manon.béguelin461@bluewin.ch,Manon,Béguelin,$2b$12$ycrj6s3RTIXj85Ef1/5S3uZohUyVIkVK47hmv2sCfxdljubbiYzxK,TRUE
julie.boillat462,julie.boillat462@hotmail.fr,Julie,Boillat,$2b$12$ycrj6s3RTIXj85Ef1/5S3uZohUyVIkVK47hmv2sCfxdljubbiYzxK,TRUE
clara.menthonnex463,clara.menthonnex463@hispeed.ch,Clara,Menthonnex,$2b$12$ycrj6s3RTIXj85Ef1/5S3uZohUyVIkVK47hmv2sCfxdljubbiYzxK,TRUE
anne.charpié464,anne.charpié464@vtxnet.ch,Anne,Charpié,$2b$12$ycrj6s3RTIXj85Ef1/5S3uZohUyVIkVK47hmv2sCfxdljubbiYzxK,TRUE
elodie.rappaz465,elodie.rappaz465@gmail.com,Elodie,Rappaz,$2b$12$ycrj6s3RTIXj85Ef1/5S3uZohUyVIkVK47hmv2sCfxdljubbiYzxK,TRUE
sophie.comte466,sophie.comte466@romandie.com,Sophie,Comte,$2b$12$ycrj6s3RTIXj85Ef1/5S3uZohUyVIkVK47hmv2sCfxdljubbiYzxK,TRUE
claudine.comte467,claudine.comte467@sunrise.ch,Claudine,Comte,$2b$12$ycrj6s3RTIXj85Ef1/5S3uZohUyVIkVK47hmv2sCfxdljubbiYzxK,TRUE
marianne.sandoz468,marianne.sandoz468@bluewin.ch,Marianne,Sandoz,$2b$12$ycrj6s3RTIXj85Ef1/5S3uZohUyVIkVK47hmv2sCfxdljubbiYzxK,TRUE
emilie.grosjean469,emilie.grosjean469@hispeed.ch,Emilie,Grosjean,$2b$12$ycrj6s3RTIXj85Ef1/5S3uZohUyVIkVK47hmv2sCfxdljubbiYzxK,TRUE
eliane.müller470,eliane.müller470@yahoo.fr,Eliane,Müller,$2b$12$ycrj6s3RTIXj85Ef1/5S3uZohUyVIkVK47hmv2sCfxdljubbiYzxK,TRUE
alice.robert471,alice.robert471@hispeed.ch,Alice,Robert,$2b$12$ycrj6s3RTIXj85Ef1/5S3uZohUyVIkVK47hmv2sCfxdljubbiYzxK,TRUE
emilie.beuchat472,emilie.beuchat472@hispeed.ch,Emilie,Beuchat,$2b$12$ycrj6s3RTIXj85Ef1/5S3uZohUyVIkVK47hmv2sCfxdljubbiYzxK,TRUE
thérèse.jacot-guillarmod473,thérèse.jacot-guillarmod473@hotmail.fr,Thérèse,Jacot-Guillarmod,$2b$12$ycrj6s3RTIXj85Ef1/5S3uZohUyVIkVK47hmv2sCfxdljubbiYzxK,TRUE
maria.pasquier474,maria.pasquier474@hispeed.ch,Maria,Pasquier,$2b$12$ycrj6s3RTIXj85Ef1/5S3uZohUyVIkVK47hmv2sCfxdljubbiYzxK,TRUE
laetitia.candaux475,laetitia.candaux475@hotmail.fr,Laetitia,Candaux,$2b$12$ycrj6s3RTIXj85Ef1/5S3uZohUyVIkVK47hmv2sCfxdljubbiYzxK,TRUE
danielle.cosendey476,danielle.cosendey476@gmail.com,Danielle,Cosendey,$2b$12$ycrj6s3RTIXj85Ef1/5S3uZohUyVIkVK47hmv2sCfxdljubbiYzxK,TRUE
liliane.aebi477,liliane.aebi477@sunrise.ch,Liliane,Aebi,$2b$12$ycrj6s3RTIXj85Ef1/5S3uZohUyVIkVK47hmv2sCfxdljubbiYzxK,TRUE
alicia.morand478,alicia.morand478@vtxnet.ch,Alicia,Morand,$2b$12$ycrj6s3RTIXj85Ef1/5S3uZohUyVIkVK47hmv2sCfxdljubbiYzxK,TRUE
marcelle.diesbach479,marcelle.diesbach479@bluewin.ch,Marcelle,Diesbach,$2b$12$ycrj6s3RTIXj85Ef1/5S3uZohUyVIkVK47hmv2sCfxdljubbiYzxK,TRUE
monique.galland480,monique.galland480@hispeed.ch,Monique,Galland,$2b$12$ycrj6s3RTIXj85Ef1/5S3uZohUyVIkVK47hmv2sCfxdljubbiYzxK,TRUE
anna.cretton481,anna.cretton481@sunrise.ch,Anna,Cretton,$2b$12$ycrj6s3RTIXj85Ef1/5S3uZohUyVIkVK47hmv2sCfxdljubbiYzxK,TRUE
corinne.gilliéron482,corinne.gilliéron482@yahoo.fr,Corinne,Gilliéron,$2b$12$ycrj6s3RTIXj85Ef1/5S3uZohUyVIkVK47hmv2sCfxdljubbiYzxK,TRUE
corinne.bavaud483,corinne.bavaud483@sunrise.ch,Corinne,Bavaud,$2b$12$ycrj6s3RTIXj85Ef1/5S3uZohUyVIkVK47hmv2sCfxdljubbiYzxK,TRUE
sylvie.gilliéron484,sylvie.gilliéron484@hispeed.ch,Sylvie,Gilliéron,$2b$12$ycrj6s3RTIXj85Ef1/5S3uZohUyVIkVK47hmv2sCfxdljubbiYzxK,TRUE
laura.barbey485,laura.barbey485@sunrise.ch,Laura,Barbey,$2b$12$ycrj6s3RTIXj85Ef1/5S3uZohUyVIkVK47hmv2sCfxdljubbiYzxK,TRUE
jacqueline.boechat486,jacqueline.boechat486@hispeed.ch,Jacqueline,Boechat,$2b$12$ycrj6s3RTIXj85Ef1/5S3uZohUyVIkVK47hmv2sCfxdljubbiYzxK,TRUE
germaine.gubéran487,germaine.gubéran487@vtxnet.ch,Germaine,Gubéran,$2b$12$ycrj6s3RTIXj85Ef1/5S3uZohUyVIkVK47hmv2sCfxdljubbiYzxK,TRUE
véronique.gilliéron488,véronique.gilliéron488@hotmail.fr,Véronique,Gilliéron,$2b$12$ycrj6s3RTIXj85Ef1/5S3uZohUyVIkVK47hmv2sCfxdljubbiYzxK,TRUE
yvette.müller489,yvette.müller489@sunrise.ch,Yvette,Müller,$2b$12$ycrj6s3RTIXj85Ef1/5S3uZohUyVIkVK47hmv2sCfxdljubbiYzxK,TRUE
nathalie.quartier490,nathalie.quartier490@vtxnet.ch,Nathalie,Quartier,$2b$12$ycrj6s3RTIXj85Ef1/5S3uZohUyVIkVK47hmv2sCfxdljubbiYzxK,TRUE
emilie.curdy491,emilie.curdy491@yahoo.fr,Emilie,Curdy,$2b$12$ycrj6s3RTIXj85Ef1/5S3uZohUyVIkVK47hmv2sCfxdljubbiYzxK,TRUE
christiane.monney492,christiane.monney492@hispeed.ch,Christiane,Monney,$2b$12$ycrj6s3RTIXj85Ef1/5S3uZohUyVIkVK47hmv2sCfxdljubbiYzxK,TRUE
sandrine.rossellat493,sandrine.rossellat493@yahoo.fr,Sandrine,Rossellat,$2b$12$ycrj6s3RTIXj85Ef1/5S3uZohUyVIkVK47hmv2sCfxdljubbiYzxK,TRUE
camille.rapraz494,camille.rapraz494@yahoo.fr,Camille,Rapraz,$2b$12$ycrj6s3RTIXj85Ef1/5S3uZohUyVIkVK47hmv2sCfxdljubbiYzxK,TRUE
marie.théraulaz495,marie.théraulaz495@hotmail.fr,Marie,Théraulaz,$2b$12$ycrj6s3RTIXj85Ef1/5S3uZohUyVIkVK47hmv2sCfxdljubbiYzxK,TRUE
marianne.curdy496,marianne.curdy496@hispeed.ch,Marianne,Curdy,$2b$12$ycrj6s3RTIXj85Ef1/5S3uZohUyVIkVK47hmv2sCfxdljubbiYzxK,TRUE
emma.isella497,emma.isella497@romandie.com,Emma,Isella,$2b$12$ycrj6s3RTIXj85Ef1/5S3uZohUyVIkVK47hmv2sCfxdljubbiYzxK,TRUE
laura.chatriant498,laura.chatriant498@hotmail.fr,Laura,Chatriant,$2b$12$ycrj6s3RTIXj85Ef1/5S3uZohUyVIkVK47hmv2sCfxdljubbiYzxK,TRUE
anna.alber499,anna.alber499@bluewin.ch,Anna,Alber,$2b$12$ycrj6s3RTIXj85Ef1/5S3uZohUyVIkVK47hmv2sCfxdljubbiYzxK,TRUE
christiane.bernasconi500,christiane.bernasconi500@romandie.com,Christiane,Bernasconi,$2b$12$ycrj6s3RTIXj85Ef1/5S3uZohUyVIkVK47hmv2sCfxdljubbiYzxK,TRUE
